date,department,patient_arrivals,admissions,discharges,bed_capacity,occupied_beds,available_beds,occupancy_rate,average_wait_minutes,average_length_of_stay,staff_count
2025-01-01,Emergency,79,25,15,25,18,7,0.72,68.6,1.0,14
2025-01-01,General Medicine,39,28,20,120,103,17,0.858,48.3,3.5,16
2025-01-01,Surgery,21,16,12,80,65,15,0.812,44.7,4.8,15
2025-01-01,Cardiology,23,19,13,60,47,13,0.783,73.6,4.4,9
2025-01-01,Orthopedics,20,14,12,70,57,13,0.814,63.1,4.1,11
2025-01-01,Pediatrics,23,8,8,50,36,14,0.72,63.0,3.2,9
2025-01-02,Emergency,74,20,13,25,21,4,0.84,60.4,1.0,10
2025-01-02,General Medicine,36,21,20,120,95,25,0.792,67.0,5.1,19
2025-01-02,Surgery,22,14,12,80,60,20,0.75,71.4,5.1,13
2025-01-02,Cardiology,20,13,10,60,50,10,0.833,75.3,5.0,8
2025-01-02,Orthopedics,23,11,13,70,68,2,0.971,58.5,4.0,10
2025-01-02,Pediatrics,23,8,8,50,40,10,0.8,64.3,3.7,7
2025-01-03,Emergency,68,25,11,25,21,4,0.84,72.4,1.0,12
2025-01-03,General Medicine,49,28,27,120,95,25,0.792,65.7,4.3,15
2025-01-03,Surgery,26,24,15,80,57,23,0.713,68.6,5.0,13
2025-01-03,Cardiology,19,14,10,60,58,2,0.967,67.5,5.0,9
2025-01-03,Orthopedics,17,11,8,70,59,11,0.843,57.0,3.8,11
2025-01-03,Pediatrics,29,8,8,50,40,10,0.8,56.4,3.5,10
2025-01-04,Emergency,74,19,11,25,22,3,0.88,75.9,1.0,12
2025-01-04,General Medicine,35,25,20,120,102,18,0.85,57.6,3.6,18
2025-01-04,Surgery,19,13,11,80,70,10,0.875,58.9,5.0,12
2025-01-04,Cardiology,15,10,9,60,51,9,0.85,72.1,3.8,10
2025-01-04,Orthopedics,20,12,11,70,64,6,0.914,56.2,4.6,13
2025-01-04,Pediatrics,26,4,8,50,40,10,0.8,57.9,3.9,9
2025-01-05,Emergency,58,18,13,25,19,6,0.76,51.4,1.3,14
2025-01-05,General Medicine,40,26,23,120,99,21,0.825,58.0,4.0,16
2025-01-05,Surgery,22,13,13,80,72,8,0.9,66.9,6.8,14
2025-01-05,Cardiology,13,8,7,60,46,14,0.767,63.3,4.7,11
2025-01-05,Orthopedics,21,7,10,70,55,15,0.786,70.3,4.8,10
2025-01-05,Pediatrics,22,8,6,50,41,9,0.82,63.8,2.3,9
2025-01-06,Emergency,76,26,10,25,21,4,0.84,73.8,1.0,14
2025-01-06,General Medicine,47,28,24,120,104,16,0.867,98.2,4.8,20
2025-01-06,Surgery,28,17,17,80,61,19,0.762,55.4,5.3,12
2025-01-06,Cardiology,18,12,9,60,53,7,0.883,52.1,4.5,12
2025-01-06,Orthopedics,22,10,10,70,60,10,0.857,54.8,5.6,14
2025-01-06,Pediatrics,32,17,10,50,35,15,0.7,69.3,2.4,10
2025-01-07,Emergency,68,12,13,25,18,7,0.72,76.4,1.0,11
2025-01-07,General Medicine,44,27,20,120,91,29,0.758,73.3,5.8,20
2025-01-07,Surgery,20,15,11,80,67,13,0.838,76.0,5.2,12
2025-01-07,Cardiology,15,11,8,60,57,3,0.95,50.2,4.5,10
2025-01-07,Orthopedics,26,14,11,70,60,10,0.857,75.9,4.1,11
2025-01-07,Pediatrics,30,11,9,50,45,5,0.9,56.5,4.1,5
2025-01-08,Emergency,74,28,16,25,19,6,0.76,66.4,1.3,11
2025-01-08,General Medicine,39,24,20,120,107,13,0.892,66.0,5.0,19
2025-01-08,Surgery,22,14,12,80,58,22,0.725,52.8,4.8,16
2025-01-08,Cardiology,21,13,11,60,55,5,0.917,68.5,5.2,9
2025-01-08,Orthopedics,23,9,11,70,65,5,0.929,74.4,3.1,10
2025-01-08,Pediatrics,32,13,7,50,42,8,0.84,72.9,2.8,7
2025-01-09,Emergency,76,21,12,25,19,6,0.76,71.7,1.2,14
2025-01-09,General Medicine,40,23,22,120,97,23,0.808,65.9,3.6,15
2025-01-09,Surgery,23,15,13,80,57,23,0.713,76.0,5.0,13
2025-01-09,Cardiology,16,13,9,60,52,8,0.867,56.2,5.1,13
2025-01-09,Orthopedics,22,13,11,70,57,13,0.814,68.7,4.2,12
2025-01-09,Pediatrics,30,11,9,50,45,5,0.9,74.1,4.1,7
2025-01-10,Emergency,84,17,17,25,19,6,0.76,75.2,1.0,13
2025-01-10,General Medicine,41,28,19,120,96,24,0.8,65.7,4.7,21
2025-01-10,Surgery,28,19,15,80,71,9,0.887,79.2,5.6,13
2025-01-10,Cardiology,18,11,10,60,44,16,0.733,75.8,4.7,12
2025-01-10,Orthopedics,18,13,8,70,60,10,0.857,63.8,5.1,11
2025-01-10,Pediatrics,27,7,5,50,40,10,0.8,68.4,3.2,6
2025-01-11,Emergency,56,12,14,25,20,5,0.8,76.3,1.0,15
2025-01-11,General Medicine,39,25,23,120,99,21,0.825,71.3,4.9,20
2025-01-11,Surgery,20,17,12,80,60,20,0.75,72.6,5.7,13
2025-01-11,Cardiology,16,9,7,60,56,4,0.933,51.7,3.8,9
2025-01-11,Orthopedics,21,12,10,70,63,7,0.9,52.6,4.1,10
2025-01-11,Pediatrics,22,7,7,50,40,10,0.8,68.4,2.2,10
2025-01-12,Emergency,64,15,10,25,17,8,0.68,60.5,1.0,7
2025-01-12,General Medicine,38,22,20,120,95,25,0.792,64.8,4.4,17
2025-01-12,Surgery,24,19,15,80,66,14,0.825,54.4,6.6,13
2025-01-12,Cardiology,15,9,6,60,52,8,0.867,64.2,6.6,12
2025-01-12,Orthopedics,19,10,8,70,54,16,0.771,55.0,4.1,10
2025-01-12,Pediatrics,22,7,5,50,45,5,0.9,67.8,2.8,11
2025-01-13,Emergency,77,22,12,25,19,6,0.76,78.2,1.0,10
2025-01-13,General Medicine,50,32,24,120,91,29,0.758,73.3,4.1,17
2025-01-13,Surgery,23,19,12,80,56,24,0.7,68.9,5.4,13
2025-01-13,Cardiology,18,14,10,60,53,7,0.883,57.2,4.9,11
2025-01-13,Orthopedics,17,8,9,70,55,15,0.786,52.4,4.4,5
2025-01-13,Pediatrics,27,10,7,50,42,8,0.84,51.0,2.8,6
2025-01-14,Emergency,70,18,14,25,19,6,0.76,69.7,1.5,13
2025-01-14,General Medicine,39,26,26,120,105,15,0.875,61.9,4.7,16
2025-01-14,Surgery,25,18,14,80,67,13,0.838,65.9,4.8,15
2025-01-14,Cardiology,17,10,9,60,51,9,0.85,80.5,5.3,9
2025-01-14,Orthopedics,25,14,12,70,55,15,0.786,49.9,4.8,9
2025-01-14,Pediatrics,23,11,6,50,43,7,0.86,43.7,2.9,10
2025-01-15,Emergency,63,14,16,25,20,5,0.8,71.8,1.4,12
2025-01-15,General Medicine,40,28,22,120,107,13,0.892,57.2,4.5,17
2025-01-15,Surgery,27,20,16,80,74,6,0.925,63.0,4.9,12
2025-01-15,Cardiology,20,13,12,60,52,8,0.867,82.2,4.3,7
2025-01-15,Orthopedics,17,10,10,70,59,11,0.843,81.6,4.1,11
2025-01-15,Pediatrics,34,16,11,50,38,12,0.76,73.1,3.9,11
2025-01-16,Emergency,91,32,15,25,20,5,0.8,75.5,2.3,13
2025-01-16,General Medicine,40,27,21,120,94,26,0.783,50.8,5.0,18
2025-01-16,Surgery,21,14,11,80,60,20,0.75,59.7,4.5,13
2025-01-16,Cardiology,18,13,9,60,50,10,0.833,70.6,5.9,12
2025-01-16,Orthopedics,21,15,9,70,59,11,0.843,65.4,3.8,11
2025-01-16,Pediatrics,26,12,8,50,39,11,0.78,59.2,2.8,7
2025-01-17,Emergency,70,22,14,25,22,3,0.88,42.4,1.0,9
2025-01-17,General Medicine,37,27,20,120,92,28,0.767,56.4,3.8,21
2025-01-17,Surgery,28,24,18,80,65,15,0.812,61.6,5.3,13
2025-01-17,Cardiology,19,14,9,60,50,10,0.833,63.1,5.2,10
2025-01-17,Orthopedics,21,11,12,70,55,15,0.786,56.6,3.2,14
2025-01-17,Pediatrics,24,8,6,50,35,15,0.7,67.0,2.0,12
2025-01-18,Emergency,52,13,14,25,21,4,0.84,58.6,1.0,14
2025-01-18,General Medicine,49,34,28,120,103,17,0.858,66.9,4.5,18
2025-01-18,Surgery,21,19,11,80,61,19,0.762,66.2,6.4,15
2025-01-18,Cardiology,15,14,9,60,53,7,0.883,69.5,5.8,12
2025-01-18,Orthopedics,15,8,6,70,56,14,0.8,60.2,3.3,12
2025-01-18,Pediatrics,21,6,5,50,37,13,0.74,68.4,2.2,14
2025-01-19,Emergency,73,23,15,25,21,4,0.84,52.3,1.0,10
2025-01-19,General Medicine,31,18,18,120,100,20,0.833,73.9,4.1,21
2025-01-19,Surgery,25,16,14,80,62,18,0.775,72.4,4.1,16
2025-01-19,Cardiology,14,9,7,60,52,8,0.867,65.4,5.1,12
2025-01-19,Orthopedics,22,14,11,70,52,18,0.743,64.5,4.7,11
2025-01-19,Pediatrics,27,14,7,50,41,9,0.82,69.7,2.8,9
2025-01-20,Emergency,86,17,14,25,17,8,0.68,71.9,1.0,14
2025-01-20,General Medicine,42,29,23,120,112,8,0.933,66.6,5.1,15
2025-01-20,Surgery,26,20,16,80,71,9,0.887,66.2,5.9,12
2025-01-20,Cardiology,17,11,7,60,49,11,0.817,75.5,5.7,8
2025-01-20,Orthopedics,21,12,10,70,54,16,0.771,55.7,3.0,8
2025-01-20,Pediatrics,25,13,8,50,44,6,0.88,61.1,2.8,10
2025-01-21,Emergency,67,28,14,25,22,3,0.88,75.8,1.0,12
2025-01-21,General Medicine,40,29,20,120,97,23,0.808,73.6,5.4,16
2025-01-21,Surgery,23,15,14,80,64,16,0.8,57.8,6.6,15
2025-01-21,Cardiology,16,9,9,60,47,13,0.783,59.7,5.0,10
2025-01-21,Orthopedics,24,16,14,70,51,19,0.729,56.8,4.7,9
2025-01-21,Pediatrics,26,7,7,50,38,12,0.76,65.4,2.8,11
2025-01-22,Emergency,101,32,17,25,22,3,0.88,62.9,1.0,12
2025-01-22,General Medicine,44,27,24,120,106,14,0.883,70.0,5.1,20
2025-01-22,Surgery,30,24,18,80,67,13,0.838,62.3,4.8,14
2025-01-22,Cardiology,19,13,11,60,51,9,0.85,66.5,4.0,11
2025-01-22,Orthopedics,24,11,15,70,58,12,0.829,63.6,4.5,11
2025-01-22,Pediatrics,33,16,7,50,40,10,0.8,70.1,3.4,6
2025-01-23,Emergency,79,20,13,25,19,6,0.76,67.1,1.0,10
2025-01-23,General Medicine,42,25,18,120,96,24,0.8,80.0,3.6,13
2025-01-23,Surgery,27,18,15,80,73,7,0.912,77.1,5.1,11
2025-01-23,Cardiology,18,12,11,60,45,15,0.75,59.5,4.8,10
2025-01-23,Orthopedics,22,14,11,70,59,11,0.843,63.2,4.8,10
2025-01-23,Pediatrics,30,8,8,50,41,9,0.82,70.1,3.1,9
2025-01-24,Emergency,84,19,22,25,21,4,0.84,71.3,1.0,11
2025-01-24,General Medicine,45,30,23,120,101,19,0.842,55.0,4.6,16
2025-01-24,Surgery,28,21,15,80,67,13,0.838,67.2,5.1,12
2025-01-24,Cardiology,24,18,13,60,54,6,0.9,75.1,4.2,9
2025-01-24,Orthopedics,22,11,10,70,60,10,0.857,79.3,3.7,11
2025-01-24,Pediatrics,28,6,8,50,37,13,0.74,62.8,3.9,10
2025-01-25,Emergency,65,15,14,25,20,5,0.8,55.9,1.9,12
2025-01-25,General Medicine,41,24,23,120,108,12,0.9,60.2,5.3,18
2025-01-25,Surgery,29,21,16,80,66,14,0.825,69.8,4.6,12
2025-01-25,Cardiology,18,12,11,60,57,3,0.95,68.5,4.8,10
2025-01-25,Orthopedics,22,15,10,70,63,7,0.9,64.1,4.8,12
2025-01-25,Pediatrics,20,6,5,50,41,9,0.82,67.7,3.8,8
2025-01-26,Emergency,79,27,15,25,17,8,0.68,61.5,1.3,12
2025-01-26,General Medicine,41,26,19,120,96,24,0.8,67.7,4.8,18
2025-01-26,Surgery,21,11,11,80,68,12,0.85,59.5,4.2,13
2025-01-26,Cardiology,16,11,10,60,55,5,0.917,48.9,4.6,7
2025-01-26,Orthopedics,17,8,10,70,51,19,0.729,58.3,2.9,11
2025-01-26,Pediatrics,25,7,9,50,44,6,0.88,69.7,2.6,8
2025-01-27,Emergency,75,25,22,25,20,5,0.8,75.4,1.0,12
2025-01-27,General Medicine,42,32,21,120,107,13,0.892,65.4,4.9,17
2025-01-27,Surgery,26,23,13,80,70,10,0.875,69.4,5.1,16
2025-01-27,Cardiology,14,9,11,60,54,6,0.9,52.2,5.2,7
2025-01-27,Orthopedics,21,9,12,70,59,11,0.843,56.8,4.2,15
2025-01-27,Pediatrics,32,12,10,50,44,6,0.88,77.4,3.2,6
2025-01-28,Emergency,93,21,13,25,21,4,0.84,67.8,1.0,14
2025-01-28,General Medicine,46,31,26,120,110,10,0.917,57.1,4.9,19
2025-01-28,Surgery,25,16,16,80,68,12,0.85,56.8,4.4,10
2025-01-28,Cardiology,16,11,10,60,48,12,0.8,52.2,5.8,12
2025-01-28,Orthopedics,21,12,13,70,58,12,0.829,73.1,3.9,10
2025-01-28,Pediatrics,25,8,5,50,43,7,0.86,82.4,3.6,10
2025-01-29,Emergency,84,31,20,25,20,5,0.8,70.5,1.0,13
2025-01-29,General Medicine,43,30,21,120,94,26,0.783,56.6,4.6,20
2025-01-29,Surgery,29,20,15,80,65,15,0.812,55.5,5.1,13
2025-01-29,Cardiology,16,11,9,60,48,12,0.8,65.3,3.8,10
2025-01-29,Orthopedics,22,10,12,70,55,15,0.786,65.5,4.5,11
2025-01-29,Pediatrics,33,15,10,50,39,11,0.78,63.3,2.0,12
2025-01-30,Emergency,66,21,10,25,21,4,0.84,58.1,1.9,10
2025-01-30,General Medicine,45,30,22,120,93,27,0.775,68.9,4.9,18
2025-01-30,Surgery,25,22,14,80,75,5,0.938,78.0,4.3,14
2025-01-30,Cardiology,22,15,10,60,47,13,0.783,82.6,5.8,8
2025-01-30,Orthopedics,24,15,14,70,54,16,0.771,61.1,3.8,10
2025-01-30,Pediatrics,26,11,7,50,41,9,0.82,51.1,3.0,10
2025-01-31,Emergency,59,15,12,25,21,4,0.84,76.3,1.0,15
2025-01-31,General Medicine,44,23,22,120,103,17,0.858,58.6,4.6,15
2025-01-31,Surgery,25,16,13,80,73,7,0.912,55.3,4.9,11
2025-01-31,Cardiology,19,11,11,60,58,2,0.967,69.3,4.9,9
2025-01-31,Orthopedics,23,11,11,70,53,17,0.757,58.8,3.8,10
2025-01-31,Pediatrics,29,9,9,50,37,13,0.74,48.5,3.0,13
2025-02-01,Emergency,70,29,16,25,19,6,0.76,67.4,1.0,14
2025-02-01,General Medicine,42,29,24,120,100,20,0.833,59.0,4.8,16
2025-02-01,Surgery,23,16,13,80,66,14,0.825,65.0,6.7,13
2025-02-01,Cardiology,15,10,9,60,46,14,0.767,59.2,4.4,9
2025-02-01,Orthopedics,20,7,10,70,49,21,0.7,58.0,2.5,11
2025-02-01,Pediatrics,27,7,7,50,44,6,0.88,74.0,2.7,11
2025-02-02,Emergency,72,29,13,25,19,6,0.76,60.9,1.0,10
2025-02-02,General Medicine,41,31,21,120,103,17,0.858,64.5,4.8,20
2025-02-02,Surgery,26,19,13,80,63,17,0.787,64.1,5.1,15
2025-02-02,Cardiology,16,11,8,60,52,8,0.867,68.9,4.5,4
2025-02-02,Orthopedics,19,10,10,70,54,16,0.771,62.0,3.0,15
2025-02-02,Pediatrics,22,7,6,50,40,10,0.8,74.4,2.0,5
2025-02-03,Emergency,93,31,17,25,22,3,0.88,60.8,1.0,11
2025-02-03,General Medicine,43,27,25,120,106,14,0.883,67.9,5.3,21
2025-02-03,Surgery,26,21,14,80,69,11,0.863,79.6,5.1,14
2025-02-03,Cardiology,19,16,10,60,47,13,0.783,58.3,5.5,8
2025-02-03,Orthopedics,20,13,10,70,60,10,0.857,57.5,3.7,12
2025-02-03,Pediatrics,31,10,11,50,39,11,0.78,65.1,3.6,10
2025-02-04,Emergency,83,16,25,25,22,3,0.88,81.5,1.2,13
2025-02-04,General Medicine,39,27,22,120,94,26,0.783,47.8,5.7,15
2025-02-04,Surgery,25,15,14,80,60,20,0.75,72.3,5.4,14
2025-02-04,Cardiology,20,14,10,60,52,8,0.867,73.1,5.2,12
2025-02-04,Orthopedics,23,8,10,70,56,14,0.8,65.2,4.7,12
2025-02-04,Pediatrics,29,13,6,50,42,8,0.84,79.3,2.9,14
2025-02-05,Emergency,84,25,9,25,20,5,0.8,74.6,1.0,12
2025-02-05,General Medicine,43,30,23,120,100,20,0.833,58.7,4.2,19
2025-02-05,Surgery,31,22,19,80,65,15,0.812,60.9,5.4,16
2025-02-05,Cardiology,15,12,7,60,54,6,0.9,58.7,5.8,9
2025-02-05,Orthopedics,23,13,13,70,65,5,0.929,59.9,4.9,9
2025-02-05,Pediatrics,30,10,7,50,38,12,0.76,67.9,3.7,13
2025-02-06,Emergency,99,30,25,25,19,6,0.76,78.0,1.0,14
2025-02-06,General Medicine,50,31,25,120,101,19,0.842,80.6,3.8,17
2025-02-06,Surgery,24,20,12,80,71,9,0.887,53.3,5.3,15
2025-02-06,Cardiology,23,14,12,60,49,11,0.817,62.9,4.6,12
2025-02-06,Orthopedics,28,18,16,70,53,17,0.757,61.1,3.9,12
2025-02-06,Pediatrics,22,11,6,50,40,10,0.8,48.0,3.1,7
2025-02-07,Emergency,68,15,3,25,20,5,0.8,60.1,1.0,11
2025-02-07,General Medicine,49,35,28,120,94,26,0.783,70.7,5.0,20
2025-02-07,Surgery,26,20,15,80,70,10,0.875,64.0,4.7,12
2025-02-07,Cardiology,18,11,12,60,50,10,0.833,59.0,3.3,11
2025-02-07,Orthopedics,25,19,12,70,60,10,0.857,68.4,4.6,11
2025-02-07,Pediatrics,29,8,7,50,42,8,0.84,55.7,3.0,6
2025-02-08,Emergency,75,22,14,25,19,6,0.76,62.5,1.0,10
2025-02-08,General Medicine,43,28,22,120,94,26,0.783,66.0,4.8,19
2025-02-08,Surgery,24,17,13,80,67,13,0.838,57.6,4.4,13
2025-02-08,Cardiology,16,11,11,60,53,7,0.883,79.2,4.8,8
2025-02-08,Orthopedics,20,15,11,70,57,13,0.814,68.0,3.8,9
2025-02-08,Pediatrics,30,11,7,50,41,9,0.82,64.4,2.6,5
2025-02-09,Emergency,79,22,15,25,18,7,0.72,66.0,1.4,13
2025-02-09,General Medicine,46,24,23,120,100,20,0.833,55.4,5.1,16
2025-02-09,Surgery,29,19,18,80,71,9,0.887,66.7,4.5,14
2025-02-09,Cardiology,19,14,11,60,50,10,0.833,62.9,4.2,10
2025-02-09,Orthopedics,26,18,12,70,60,10,0.857,70.6,4.5,11
2025-02-09,Pediatrics,27,10,8,50,37,13,0.74,67.7,2.7,10
2025-02-10,Emergency,91,28,29,25,19,6,0.76,74.0,1.0,12
2025-02-10,General Medicine,54,37,30,120,111,9,0.925,69.8,3.2,16
2025-02-10,Surgery,30,23,17,80,71,9,0.887,62.3,4.9,13
2025-02-10,Cardiology,17,10,7,60,54,6,0.9,76.1,5.4,9
2025-02-10,Orthopedics,24,12,12,70,59,11,0.843,60.5,4.9,8
2025-02-10,Pediatrics,28,12,9,50,43,7,0.86,54.2,2.9,12
2025-02-11,Emergency,70,13,11,25,21,4,0.84,53.1,1.2,13
2025-02-11,General Medicine,38,21,22,120,105,15,0.875,78.3,4.4,16
2025-02-11,Surgery,30,21,17,80,69,11,0.863,68.5,5.1,12
2025-02-11,Cardiology,18,10,10,60,51,9,0.85,62.9,5.2,11
2025-02-11,Orthopedics,20,9,11,70,60,10,0.857,60.1,4.4,9
2025-02-11,Pediatrics,26,7,7,50,40,10,0.8,61.1,3.3,5
2025-02-12,Emergency,69,22,10,25,20,5,0.8,70.6,1.3,12
2025-02-12,General Medicine,48,37,24,120,103,17,0.858,77.2,3.9,18
2025-02-12,Surgery,29,18,18,80,70,10,0.875,89.7,4.1,12
2025-02-12,Cardiology,22,14,12,60,50,10,0.833,77.1,5.8,12
2025-02-12,Orthopedics,28,17,15,70,54,16,0.771,70.7,4.0,6
2025-02-12,Pediatrics,31,11,9,50,40,10,0.8,80.7,2.4,9
2025-02-13,Emergency,73,20,9,25,19,6,0.76,47.9,1.1,9
2025-02-13,General Medicine,40,26,20,120,99,21,0.825,58.0,4.7,20
2025-02-13,Surgery,20,11,12,80,63,17,0.787,59.4,4.7,14
2025-02-13,Cardiology,19,11,8,60,57,3,0.95,65.6,4.4,6
2025-02-13,Orthopedics,18,7,7,70,60,10,0.857,73.6,4.8,9
2025-02-13,Pediatrics,30,12,8,50,40,10,0.8,59.3,1.5,7
2025-02-14,Emergency,78,24,11,25,21,4,0.84,64.5,1.5,14
2025-02-14,General Medicine,51,41,23,120,108,12,0.9,71.2,5.1,18
2025-02-14,Surgery,24,14,14,80,67,13,0.838,58.2,4.2,12
2025-02-14,Cardiology,25,21,13,60,52,8,0.867,64.6,5.6,8
2025-02-14,Orthopedics,26,13,14,70,65,5,0.929,62.7,3.6,8
2025-02-14,Pediatrics,29,12,10,50,41,9,0.82,67.8,2.7,10
2025-02-15,Emergency,79,21,8,25,22,3,0.88,72.3,1.0,14
2025-02-15,General Medicine,39,29,19,120,100,20,0.833,69.8,5.3,20
2025-02-15,Surgery,22,16,12,80,73,7,0.912,53.1,4.2,16
2025-02-15,Cardiology,21,17,11,60,49,11,0.817,68.2,5.1,10
2025-02-15,Orthopedics,20,15,10,70,55,15,0.786,60.3,3.1,10
2025-02-15,Pediatrics,26,12,8,50,44,6,0.88,66.5,2.7,9
2025-02-16,Emergency,58,17,8,25,20,5,0.8,51.0,1.7,12
2025-02-16,General Medicine,39,27,23,120,96,24,0.8,58.6,4.4,17
2025-02-16,Surgery,18,13,11,80,67,13,0.838,50.5,5.1,18
2025-02-16,Cardiology,17,11,10,60,46,14,0.767,67.9,4.5,9
2025-02-16,Orthopedics,27,17,12,70,60,10,0.857,83.7,4.0,11
2025-02-16,Pediatrics,24,11,8,50,42,8,0.84,61.9,3.5,8
2025-02-17,Emergency,63,16,16,25,21,4,0.84,56.0,1.0,7
2025-02-17,General Medicine,59,34,31,120,100,20,0.833,75.4,4.8,19
2025-02-17,Surgery,28,22,16,80,74,6,0.925,65.8,5.1,16
2025-02-17,Cardiology,24,13,14,60,49,11,0.817,68.6,5.5,11
2025-02-17,Orthopedics,21,13,11,70,63,7,0.9,59.8,3.7,9
2025-02-17,Pediatrics,28,5,9,50,42,8,0.84,69.1,2.4,9
2025-02-18,Emergency,88,26,20,25,21,4,0.84,72.1,1.0,12
2025-02-18,General Medicine,40,27,21,120,96,24,0.8,62.9,4.0,17
2025-02-18,Surgery,20,17,12,80,76,4,0.95,61.0,5.1,14
2025-02-18,Cardiology,18,13,9,60,48,12,0.8,57.5,5.3,9
2025-02-18,Orthopedics,22,14,9,70,59,11,0.843,65.2,3.2,13
2025-02-18,Pediatrics,27,12,8,50,32,18,0.64,65.8,3.9,11
2025-02-19,Emergency,82,20,14,25,21,4,0.84,71.3,1.0,14
2025-02-19,General Medicine,38,22,21,120,100,20,0.833,48.9,4.1,17
2025-02-19,Surgery,25,17,15,80,64,16,0.8,65.1,5.8,11
2025-02-19,Cardiology,17,14,10,60,46,14,0.767,57.3,4.5,11
2025-02-19,Orthopedics,24,14,12,70,57,13,0.814,72.9,4.2,14
2025-02-19,Pediatrics,35,14,8,50,43,7,0.86,79.9,2.9,9
2025-02-20,Emergency,74,24,13,25,19,6,0.76,65.9,1.0,11
2025-02-20,General Medicine,29,19,15,120,97,23,0.808,49.0,4.2,17
2025-02-20,Surgery,25,16,16,80,65,15,0.812,68.9,5.0,18
2025-02-20,Cardiology,18,11,10,60,44,16,0.733,71.5,5.0,8
2025-02-20,Orthopedics,21,11,12,70,64,6,0.914,58.0,4.3,10
2025-02-20,Pediatrics,26,5,5,50,40,10,0.8,55.6,3.2,7
2025-02-21,Emergency,78,22,11,25,21,4,0.84,46.5,1.0,12
2025-02-21,General Medicine,48,31,26,120,92,28,0.767,76.8,4.9,19
2025-02-21,Surgery,28,23,16,80,67,13,0.838,68.9,5.8,12
2025-02-21,Cardiology,14,10,8,60,51,9,0.85,61.0,4.9,10
2025-02-21,Orthopedics,23,13,13,70,56,14,0.8,64.5,3.8,9
2025-02-21,Pediatrics,36,12,10,50,40,10,0.8,72.6,2.0,7
2025-02-22,Emergency,69,20,12,25,20,5,0.8,74.7,1.0,11
2025-02-22,General Medicine,34,21,21,120,95,25,0.792,51.1,4.4,18
2025-02-22,Surgery,27,18,16,80,62,18,0.775,65.4,5.2,15
2025-02-22,Cardiology,17,11,8,60,49,11,0.817,61.0,4.7,12
2025-02-22,Orthopedics,15,11,9,70,58,12,0.829,48.8,4.5,11
2025-02-22,Pediatrics,27,8,8,50,46,4,0.92,53.4,2.9,7
2025-02-23,Emergency,76,24,15,25,20,5,0.8,55.3,1.0,13
2025-02-23,General Medicine,47,34,28,120,112,8,0.933,70.2,4.3,17
2025-02-23,Surgery,20,15,12,80,70,10,0.875,66.7,5.1,12
2025-02-23,Cardiology,17,11,9,60,49,11,0.817,58.7,5.2,9
2025-02-23,Orthopedics,19,11,11,70,59,11,0.843,63.5,4.3,12
2025-02-23,Pediatrics,31,9,8,50,34,16,0.68,74.3,2.1,10
2025-02-24,Emergency,81,20,12,25,20,5,0.8,65.1,1.0,15
2025-02-24,General Medicine,48,29,32,120,94,26,0.783,57.2,4.4,19
2025-02-24,Surgery,26,19,17,80,70,10,0.875,55.2,4.9,11
2025-02-24,Cardiology,18,15,10,60,42,18,0.7,66.6,5.1,10
2025-02-24,Orthopedics,27,13,12,70,53,17,0.757,72.9,4.3,13
2025-02-24,Pediatrics,28,5,6,50,40,10,0.8,61.1,2.4,9
2025-02-25,Emergency,70,17,10,25,21,4,0.84,70.2,1.0,14
2025-02-25,General Medicine,39,24,19,120,97,23,0.808,67.3,5.0,17
2025-02-25,Surgery,25,18,16,80,65,15,0.812,66.8,6.3,14
2025-02-25,Cardiology,20,13,11,60,53,7,0.883,55.2,5.4,8
2025-02-25,Orthopedics,22,12,11,70,48,22,0.686,66.3,4.8,12
2025-02-25,Pediatrics,33,13,9,50,42,8,0.84,71.9,3.3,7
2025-02-26,Emergency,75,19,10,25,21,4,0.84,72.5,1.2,12
2025-02-26,General Medicine,32,23,17,120,107,13,0.892,67.0,4.3,17
2025-02-26,Surgery,22,15,12,80,68,12,0.85,73.2,6.3,14
2025-02-26,Cardiology,18,11,10,60,42,18,0.7,73.8,4.5,8
2025-02-26,Orthopedics,25,13,12,70,55,15,0.786,73.9,4.9,14
2025-02-26,Pediatrics,30,9,8,50,37,13,0.74,55.6,1.9,11
2025-02-27,Emergency,75,15,20,25,18,7,0.72,72.5,1.9,10
2025-02-27,General Medicine,43,29,23,120,102,18,0.85,69.5,5.2,20
2025-02-27,Surgery,25,17,13,80,66,14,0.825,60.8,4.9,10
2025-02-27,Cardiology,16,7,9,60,48,12,0.8,55.4,5.3,12
2025-02-27,Orthopedics,18,10,8,70,55,15,0.786,56.1,3.2,10
2025-02-27,Pediatrics,33,17,7,50,39,11,0.78,70.0,2.5,8
2025-02-28,Emergency,97,29,25,25,22,3,0.88,79.0,1.0,13
2025-02-28,General Medicine,49,28,23,120,104,16,0.867,71.1,4.7,15
2025-02-28,Surgery,30,22,19,80,68,12,0.85,67.0,5.0,10
2025-02-28,Cardiology,19,11,11,60,52,8,0.867,58.0,4.8,9
2025-02-28,Orthopedics,24,10,12,70,50,20,0.714,63.3,5.2,10
2025-02-28,Pediatrics,30,11,8,50,36,14,0.72,71.9,2.5,9
2025-03-01,Emergency,75,23,14,25,19,6,0.76,58.0,1.8,11
2025-03-01,General Medicine,49,36,29,120,106,14,0.883,72.1,4.5,19
2025-03-01,Surgery,25,17,13,80,68,12,0.85,78.7,5.1,12
2025-03-01,Cardiology,17,11,10,60,47,13,0.783,52.8,5.0,11
2025-03-01,Orthopedics,20,10,11,70,61,9,0.871,55.0,3.2,6
2025-03-01,Pediatrics,29,6,8,50,38,12,0.76,72.6,2.6,8
2025-03-02,Emergency,73,14,7,25,21,4,0.84,64.3,1.0,11
2025-03-02,General Medicine,49,34,24,120,99,21,0.825,66.1,5.0,18
2025-03-02,Surgery,26,21,16,80,64,16,0.8,56.9,5.3,10
2025-03-02,Cardiology,13,10,8,60,53,7,0.883,63.8,5.1,9
2025-03-02,Orthopedics,21,12,11,70,61,9,0.871,64.2,4.8,6
2025-03-02,Pediatrics,22,10,6,50,44,6,0.88,64.6,3.1,10
2025-03-03,Emergency,101,24,14,25,18,7,0.72,76.2,1.0,13
2025-03-03,General Medicine,46,33,29,120,97,23,0.808,56.8,4.4,17
2025-03-03,Surgery,35,27,21,80,67,13,0.838,68.3,4.8,12
2025-03-03,Cardiology,19,13,11,60,45,15,0.75,51.1,5.9,10
2025-03-03,Orthopedics,21,12,11,70,62,8,0.886,62.2,4.5,15
2025-03-03,Pediatrics,31,8,7,50,37,13,0.74,63.9,2.2,10
2025-03-04,Emergency,90,22,16,25,16,9,0.64,71.1,1.0,10
2025-03-04,General Medicine,56,35,33,120,103,17,0.858,85.7,4.7,18
2025-03-04,Surgery,27,21,17,80,67,13,0.838,78.0,5.4,13
2025-03-04,Cardiology,19,16,12,60,56,4,0.933,62.5,4.8,10
2025-03-04,Orthopedics,26,10,10,70,58,12,0.829,64.2,4.1,9
2025-03-04,Pediatrics,29,17,10,50,36,14,0.72,70.7,2.4,6
2025-03-05,Emergency,75,20,14,25,22,3,0.88,62.7,1.6,13
2025-03-05,General Medicine,44,36,28,120,107,13,0.892,71.3,4.1,18
2025-03-05,Surgery,28,18,18,80,71,9,0.887,72.4,4.5,14
2025-03-05,Cardiology,22,14,14,60,49,11,0.817,65.6,5.0,10
2025-03-05,Orthopedics,24,13,12,70,61,9,0.871,69.3,5.3,13
2025-03-05,Pediatrics,30,12,7,50,38,12,0.76,61.2,2.1,7
2025-03-06,Emergency,78,27,10,25,18,7,0.72,66.0,1.0,11
2025-03-06,General Medicine,52,32,27,120,96,24,0.8,76.6,3.8,19
2025-03-06,Surgery,27,21,16,80,64,16,0.8,61.7,4.6,15
2025-03-06,Cardiology,16,10,9,60,52,8,0.867,67.8,4.4,11
2025-03-06,Orthopedics,24,14,11,70,56,14,0.8,66.3,4.0,11
2025-03-06,Pediatrics,28,11,8,50,43,7,0.86,62.6,2.6,10
2025-03-07,Emergency,85,21,18,25,19,6,0.76,68.7,1.5,10
2025-03-07,General Medicine,47,21,26,120,91,29,0.758,65.4,4.5,17
2025-03-07,Surgery,28,21,18,80,62,18,0.775,72.9,6.0,15
2025-03-07,Cardiology,22,14,14,60,51,9,0.85,77.8,4.9,10
2025-03-07,Orthopedics,22,11,13,70,52,18,0.743,60.6,4.6,11
2025-03-07,Pediatrics,29,10,9,50,42,8,0.84,72.8,2.4,9
2025-03-08,Emergency,90,27,15,25,21,4,0.84,67.7,1.0,9
2025-03-08,General Medicine,46,29,27,120,95,25,0.792,63.0,5.2,21
2025-03-08,Surgery,26,19,14,80,72,8,0.9,69.6,5.5,16
2025-03-08,Cardiology,19,11,11,60,50,10,0.833,70.6,3.3,9
2025-03-08,Orthopedics,22,13,10,70,59,11,0.843,71.1,3.2,13
2025-03-08,Pediatrics,24,9,7,50,37,13,0.74,67.1,3.2,7
2025-03-09,Emergency,81,34,13,25,20,5,0.8,67.2,1.5,11
2025-03-09,General Medicine,40,30,21,120,101,19,0.842,58.1,4.4,14
2025-03-09,Surgery,23,19,13,80,60,20,0.75,59.7,4.8,16
2025-03-09,Cardiology,15,12,7,60,48,12,0.8,51.3,4.5,10
2025-03-09,Orthopedics,23,15,11,70,62,8,0.886,62.9,3.0,10
2025-03-09,Pediatrics,31,8,9,50,40,10,0.8,88.7,3.0,6
2025-03-10,Emergency,81,17,9,25,17,8,0.68,63.4,1.0,7
2025-03-10,General Medicine,48,30,30,120,104,16,0.867,70.8,4.7,14
2025-03-10,Surgery,26,21,16,80,77,3,0.963,65.2,3.2,11
2025-03-10,Cardiology,18,10,11,60,43,17,0.717,57.6,5.7,9
2025-03-10,Orthopedics,23,9,11,70,58,12,0.829,55.9,4.0,16
2025-03-10,Pediatrics,26,9,8,50,45,5,0.9,54.2,2.9,6
2025-03-11,Emergency,76,18,12,25,20,5,0.8,61.8,1.0,11
2025-03-11,General Medicine,46,33,26,120,110,10,0.917,62.8,4.1,17
2025-03-11,Surgery,31,20,18,80,70,10,0.875,62.0,4.8,12
2025-03-11,Cardiology,18,14,10,60,53,7,0.883,74.8,4.4,10
2025-03-11,Orthopedics,18,13,8,70,63,7,0.9,61.1,3.8,9
2025-03-11,Pediatrics,30,10,10,50,38,12,0.76,70.1,1.2,8
2025-03-12,Emergency,76,25,20,25,19,6,0.76,56.4,2.2,12
2025-03-12,General Medicine,46,30,27,120,86,34,0.717,80.7,4.3,18
2025-03-12,Surgery,27,21,15,80,69,11,0.863,59.5,4.7,12
2025-03-12,Cardiology,22,16,12,60,49,11,0.817,72.3,4.4,11
2025-03-12,Orthopedics,26,11,15,70,54,16,0.771,67.3,5.1,11
2025-03-12,Pediatrics,28,5,6,50,40,10,0.8,67.0,2.7,9
2025-03-13,Emergency,97,25,24,25,20,5,0.8,75.1,1.0,10
2025-03-13,General Medicine,51,32,30,120,96,24,0.8,67.4,3.5,17
2025-03-13,Surgery,30,18,17,80,64,16,0.8,59.8,4.5,14
2025-03-13,Cardiology,19,13,11,60,50,10,0.833,53.1,5.5,11
2025-03-13,Orthopedics,25,10,14,70,59,11,0.843,73.3,4.6,8
2025-03-13,Pediatrics,24,11,5,50,44,6,0.88,53.3,2.3,7
2025-03-14,Emergency,76,21,11,25,20,5,0.8,79.0,1.0,8
2025-03-14,General Medicine,50,33,23,120,108,12,0.9,69.7,5.3,16
2025-03-14,Surgery,29,19,17,80,76,4,0.95,74.7,5.1,15
2025-03-14,Cardiology,20,16,12,60,47,13,0.783,86.5,5.7,11
2025-03-14,Orthopedics,24,13,12,70,51,19,0.729,71.5,4.2,11
2025-03-14,Pediatrics,29,6,8,50,38,12,0.76,80.8,3.1,6
2025-03-15,Emergency,78,20,9,25,20,5,0.8,69.3,1.0,11
2025-03-15,General Medicine,47,32,24,120,90,30,0.75,44.7,4.2,19
2025-03-15,Surgery,28,18,16,80,63,17,0.787,49.5,5.4,13
2025-03-15,Cardiology,18,16,12,60,43,17,0.717,59.7,5.1,8
2025-03-15,Orthopedics,21,10,11,70,57,13,0.814,58.4,4.4,9
2025-03-15,Pediatrics,28,6,9,50,42,8,0.84,48.6,3.5,8
2025-03-16,Emergency,77,20,20,25,19,6,0.76,63.2,1.0,8
2025-03-16,General Medicine,47,35,28,120,93,27,0.775,64.2,4.7,17
2025-03-16,Surgery,24,19,13,80,69,11,0.863,72.3,5.2,10
2025-03-16,Cardiology,18,9,10,60,50,10,0.833,70.5,4.0,13
2025-03-16,Orthopedics,22,11,13,70,64,6,0.914,61.0,4.0,11
2025-03-16,Pediatrics,28,12,10,50,35,15,0.7,56.1,2.7,9
2025-03-17,Emergency,81,23,21,25,21,4,0.84,52.5,1.0,11
2025-03-17,General Medicine,54,37,27,120,109,11,0.908,75.4,4.4,19
2025-03-17,Surgery,25,13,16,80,66,14,0.825,62.3,6.0,16
2025-03-17,Cardiology,20,15,10,60,52,8,0.867,52.3,4.1,9
2025-03-17,Orthopedics,23,11,10,70,54,16,0.771,64.1,3.5,11
2025-03-17,Pediatrics,29,13,7,50,40,10,0.8,71.6,1.7,11
2025-03-18,Emergency,82,14,14,25,18,7,0.72,74.9,1.0,10
2025-03-18,General Medicine,47,30,25,120,108,12,0.9,59.2,4.8,17
2025-03-18,Surgery,30,25,14,80,74,6,0.925,66.8,4.8,15
2025-03-18,Cardiology,21,11,11,60,49,11,0.817,61.2,5.3,9
2025-03-18,Orthopedics,15,9,7,70,61,9,0.871,39.7,4.4,8
2025-03-18,Pediatrics,32,8,10,50,38,12,0.76,62.3,2.1,5
2025-03-19,Emergency,78,15,16,25,22,3,0.88,58.9,1.1,9
2025-03-19,General Medicine,48,27,25,120,93,27,0.775,61.8,3.6,16
2025-03-19,Surgery,30,21,18,80,66,14,0.825,78.5,5.5,12
2025-03-19,Cardiology,23,17,12,60,54,6,0.9,85.2,4.6,11
2025-03-19,Orthopedics,30,17,14,70,50,20,0.714,66.0,4.9,11
2025-03-19,Pediatrics,34,12,11,50,37,13,0.74,63.9,2.3,10
2025-03-20,Emergency,91,23,20,25,21,4,0.84,82.8,1.8,13
2025-03-20,General Medicine,36,25,23,120,96,24,0.8,67.9,3.9,19
2025-03-20,Surgery,31,24,19,80,73,7,0.912,72.4,5.0,9
2025-03-20,Cardiology,19,13,11,60,47,13,0.783,81.4,4.0,10
2025-03-20,Orthopedics,27,10,12,70,64,6,0.914,85.2,3.7,11
2025-03-20,Pediatrics,31,10,8,50,40,10,0.8,73.3,3.1,7
2025-03-21,Emergency,84,26,8,25,20,5,0.8,68.6,1.5,14
2025-03-21,General Medicine,45,38,25,120,97,23,0.808,60.7,5.2,20
2025-03-21,Surgery,26,17,15,80,73,7,0.912,55.8,4.0,15
2025-03-21,Cardiology,17,12,10,60,54,6,0.9,69.7,4.3,12
2025-03-21,Orthopedics,27,10,14,70,59,11,0.843,91.7,4.3,9
2025-03-21,Pediatrics,35,11,7,50,39,11,0.78,68.3,2.4,8
2025-03-22,Emergency,86,29,6,25,19,6,0.76,76.1,1.0,8
2025-03-22,General Medicine,47,32,28,120,104,16,0.867,59.9,4.6,15
2025-03-22,Surgery,27,18,17,80,67,13,0.838,75.3,5.6,16
2025-03-22,Cardiology,16,10,7,60,49,11,0.817,66.1,4.8,8
2025-03-22,Orthopedics,24,17,15,70,64,6,0.914,85.0,4.6,8
2025-03-22,Pediatrics,34,10,10,50,43,7,0.86,56.9,3.8,10
2025-03-23,Emergency,86,24,11,25,21,4,0.84,60.6,1.0,13
2025-03-23,General Medicine,39,23,21,120,93,27,0.775,73.4,3.9,21
2025-03-23,Surgery,23,17,15,80,69,11,0.863,55.6,5.1,14
2025-03-23,Cardiology,17,12,9,60,52,8,0.867,56.1,4.1,6
2025-03-23,Orthopedics,17,9,7,70,66,4,0.943,54.2,4.3,12
2025-03-23,Pediatrics,35,13,9,50,35,15,0.7,61.8,2.6,7
2025-03-24,Emergency,87,21,14,25,20,5,0.8,62.8,1.4,12
2025-03-24,General Medicine,35,20,20,120,94,26,0.783,62.3,5.0,18
2025-03-24,Surgery,22,18,12,80,67,13,0.838,53.4,4.7,14
2025-03-24,Cardiology,22,18,13,60,58,2,0.967,66.2,5.1,11
2025-03-24,Orthopedics,24,16,12,70,61,9,0.871,60.3,4.1,10
2025-03-24,Pediatrics,40,19,13,50,40,10,0.8,89.9,2.4,8
2025-03-25,Emergency,102,27,16,25,20,5,0.8,67.5,1.0,13
2025-03-25,General Medicine,44,34,21,120,105,15,0.875,69.3,3.4,20
2025-03-25,Surgery,28,18,18,80,73,7,0.912,72.0,4.3,17
2025-03-25,Cardiology,19,12,11,60,52,8,0.867,55.9,4.0,10
2025-03-25,Orthopedics,24,11,11,70,51,19,0.729,67.9,3.8,11
2025-03-25,Pediatrics,26,7,7,50,38,12,0.76,53.5,2.7,7
2025-03-26,Emergency,53,14,16,25,19,6,0.76,60.6,1.0,12
2025-03-26,General Medicine,46,29,23,120,102,18,0.85,75.1,4.6,15
2025-03-26,Surgery,26,15,15,80,64,16,0.8,72.4,4.2,14
2025-03-26,Cardiology,20,16,11,60,55,5,0.917,50.4,5.5,12
2025-03-26,Orthopedics,23,13,8,70,59,11,0.843,70.0,3.7,13
2025-03-26,Pediatrics,25,6,6,50,41,9,0.82,58.6,3.1,12
2025-03-27,Emergency,90,19,17,25,18,7,0.72,58.5,1.1,11
2025-03-27,General Medicine,43,29,24,120,104,16,0.867,65.0,4.8,16
2025-03-27,Surgery,31,23,17,80,74,6,0.925,72.1,5.4,14
2025-03-27,Cardiology,20,16,11,60,56,4,0.933,49.5,5.1,5
2025-03-27,Orthopedics,21,14,12,70,65,5,0.929,54.7,2.6,9
2025-03-27,Pediatrics,35,13,7,50,40,10,0.8,60.1,4.1,12
2025-03-28,Emergency,89,17,14,25,21,4,0.84,63.7,1.0,12
2025-03-28,General Medicine,49,29,31,120,105,15,0.875,80.1,3.8,17
2025-03-28,Surgery,25,18,13,80,59,21,0.738,66.0,5.2,13
2025-03-28,Cardiology,22,19,11,60,54,6,0.9,70.4,4.7,7
2025-03-28,Orthopedics,24,13,11,70,60,10,0.857,46.7,4.2,11
2025-03-28,Pediatrics,34,13,10,50,40,10,0.8,79.8,3.0,9
2025-03-29,Emergency,62,15,13,25,19,6,0.76,55.5,1.1,8
2025-03-29,General Medicine,33,21,21,120,101,19,0.842,50.4,4.1,16
2025-03-29,Surgery,28,25,16,80,75,5,0.938,76.9,5.1,15
2025-03-29,Cardiology,21,13,12,60,47,13,0.783,76.4,5.0,9
2025-03-29,Orthopedics,19,13,9,70,59,11,0.843,71.5,3.5,12
2025-03-29,Pediatrics,30,9,10,50,36,14,0.72,63.1,2.8,9
2025-03-30,Emergency,72,23,15,25,21,4,0.84,72.6,1.0,12
2025-03-30,General Medicine,43,26,21,120,90,30,0.75,68.3,3.3,18
2025-03-30,Surgery,30,20,16,80,65,15,0.812,57.7,4.7,12
2025-03-30,Cardiology,18,13,10,60,52,8,0.867,67.1,4.6,10
2025-03-30,Orthopedics,21,13,11,70,58,12,0.829,58.3,4.0,10
2025-03-30,Pediatrics,31,14,8,50,43,7,0.86,63.7,3.0,10
2025-03-31,Emergency,86,31,13,25,18,7,0.72,77.8,2.1,12
2025-03-31,General Medicine,40,28,22,120,104,16,0.867,66.5,5.2,15
2025-03-31,Surgery,29,17,18,80,71,9,0.887,64.8,5.4,12
2025-03-31,Cardiology,21,16,13,60,51,9,0.85,68.9,4.8,9
2025-03-31,Orthopedics,27,16,13,70,60,10,0.857,66.9,3.4,11
2025-03-31,Pediatrics,31,12,12,50,44,6,0.88,65.9,3.1,10
2025-04-01,Emergency,94,25,23,25,20,5,0.8,74.9,1.0,10
2025-04-01,General Medicine,46,29,25,120,94,26,0.783,60.2,4.4,18
2025-04-01,Surgery,25,20,16,80,68,12,0.85,62.9,5.2,14
2025-04-01,Cardiology,16,11,8,60,54,6,0.9,61.5,6.7,14
2025-04-01,Orthopedics,23,12,11,70,51,19,0.729,79.9,5.0,10
2025-04-01,Pediatrics,32,12,8,50,37,13,0.74,49.3,3.3,7
2025-04-02,Emergency,62,18,12,25,20,5,0.8,61.7,1.0,13
2025-04-02,General Medicine,38,34,20,120,99,21,0.825,67.3,4.7,18
2025-04-02,Surgery,24,17,14,80,62,18,0.775,52.3,6.1,15
2025-04-02,Cardiology,19,11,10,60,47,13,0.783,50.4,4.9,14
2025-04-02,Orthopedics,25,14,12,70,59,11,0.843,54.7,4.4,9
2025-04-02,Pediatrics,25,11,6,50,44,6,0.88,58.9,2.3,7
2025-04-03,Emergency,64,17,14,25,21,4,0.84,59.7,1.0,13
2025-04-03,General Medicine,42,22,22,120,98,22,0.817,62.4,3.9,15
2025-04-03,Surgery,29,24,16,80,64,16,0.8,70.8,5.5,13
2025-04-03,Cardiology,17,8,9,60,51,9,0.85,60.6,5.0,9
2025-04-03,Orthopedics,24,11,12,70,55,15,0.786,59.7,3.7,8
2025-04-03,Pediatrics,34,9,6,50,37,13,0.74,73.4,2.8,5
2025-04-04,Emergency,88,26,21,25,20,5,0.8,58.9,1.0,10
2025-04-04,General Medicine,43,30,23,120,99,21,0.825,64.5,4.3,15
2025-04-04,Surgery,26,14,15,80,73,7,0.912,61.3,5.9,11
2025-04-04,Cardiology,18,9,10,60,54,6,0.9,68.8,4.7,8
2025-04-04,Orthopedics,27,16,12,70,59,11,0.843,60.9,3.9,13
2025-04-04,Pediatrics,29,8,8,50,43,7,0.86,54.7,3.8,10
2025-04-05,Emergency,83,20,14,25,22,3,0.88,66.0,1.0,13
2025-04-05,General Medicine,36,28,21,120,92,28,0.767,66.9,4.1,17
2025-04-05,Surgery,23,19,12,80,63,17,0.787,63.0,5.5,13
2025-04-05,Cardiology,19,13,10,60,51,9,0.85,74.1,4.0,10
2025-04-05,Orthopedics,18,8,7,70,59,11,0.843,60.3,4.6,14
2025-04-05,Pediatrics,26,7,5,50,41,9,0.82,65.0,1.7,7
2025-04-06,Emergency,73,20,16,25,21,4,0.84,62.4,1.7,12
2025-04-06,General Medicine,38,25,22,120,98,22,0.817,71.1,5.3,19
2025-04-06,Surgery,26,19,16,80,67,13,0.838,61.2,4.9,17
2025-04-06,Cardiology,16,10,10,60,52,8,0.867,56.9,4.0,10
2025-04-06,Orthopedics,24,13,11,70,54,16,0.771,46.1,4.2,12
2025-04-06,Pediatrics,24,8,8,50,39,11,0.78,59.5,3.4,9
2025-04-07,Emergency,70,22,14,25,22,3,0.88,68.9,1.0,13
2025-04-07,General Medicine,43,24,24,120,97,23,0.808,59.3,4.7,20
2025-04-07,Surgery,25,16,12,80,71,9,0.887,62.0,5.3,13
2025-04-07,Cardiology,19,13,11,60,52,8,0.867,59.4,6.1,11
2025-04-07,Orthopedics,22,16,10,70,62,8,0.886,50.0,4.4,12
2025-04-07,Pediatrics,32,13,9,50,41,9,0.82,74.0,2.4,9
2025-04-08,Emergency,85,24,8,25,18,7,0.72,70.4,1.7,9
2025-04-08,General Medicine,46,29,25,120,105,15,0.875,58.5,5.3,21
2025-04-08,Surgery,37,28,20,80,61,19,0.762,75.3,4.9,15
2025-04-08,Cardiology,19,12,10,60,44,16,0.733,62.3,3.6,11
2025-04-08,Orthopedics,18,9,9,70,57,13,0.814,57.0,4.6,10
2025-04-08,Pediatrics,30,12,8,50,38,12,0.76,66.2,2.8,9
2025-04-09,Emergency,68,19,15,25,19,6,0.76,62.1,1.0,10
2025-04-09,General Medicine,54,40,29,120,95,25,0.792,72.3,4.5,16
2025-04-09,Surgery,25,19,15,80,68,12,0.85,60.6,6.2,17
2025-04-09,Cardiology,16,13,8,60,48,12,0.8,60.7,5.8,11
2025-04-09,Orthopedics,26,15,11,70,65,5,0.929,67.7,3.6,8
2025-04-09,Pediatrics,34,13,10,50,36,14,0.72,71.7,3.4,8
2025-04-10,Emergency,89,20,30,25,22,3,0.88,55.7,1.0,10
2025-04-10,General Medicine,46,34,26,120,112,8,0.933,70.5,5.1,17
2025-04-10,Surgery,29,20,17,80,66,14,0.825,62.1,5.7,16
2025-04-10,Cardiology,17,10,9,60,44,16,0.733,62.7,4.5,10
2025-04-10,Orthopedics,23,15,9,70,57,13,0.814,63.0,4.0,13
2025-04-10,Pediatrics,29,6,8,50,43,7,0.86,63.9,3.3,9
2025-04-11,Emergency,93,21,16,25,20,5,0.8,73.1,1.1,11
2025-04-11,General Medicine,41,25,20,120,105,15,0.875,59.8,4.4,18
2025-04-11,Surgery,22,17,12,80,74,6,0.925,58.7,5.8,13
2025-04-11,Cardiology,18,11,9,60,56,4,0.933,52.8,5.8,9
2025-04-11,Orthopedics,23,15,9,70,54,16,0.771,52.5,4.3,9
2025-04-11,Pediatrics,36,12,12,50,38,12,0.76,84.0,2.7,9
2025-04-12,Emergency,83,16,21,25,20,5,0.8,66.8,1.0,6
2025-04-12,General Medicine,42,27,24,120,104,16,0.867,67.5,3.6,12
2025-04-12,Surgery,25,17,14,80,64,16,0.8,64.7,3.9,16
2025-04-12,Cardiology,17,10,10,60,47,13,0.783,64.6,4.8,10
2025-04-12,Orthopedics,21,9,8,70,53,17,0.757,59.3,4.0,9
2025-04-12,Pediatrics,27,8,10,50,39,11,0.78,56.6,2.7,9
2025-04-13,Emergency,74,17,15,25,19,6,0.76,72.5,1.0,13
2025-04-13,General Medicine,41,26,20,120,98,22,0.817,64.0,4.7,18
2025-04-13,Surgery,28,20,13,80,72,8,0.9,65.4,5.0,15
2025-04-13,Cardiology,19,9,11,60,38,22,0.633,70.7,4.9,7
2025-04-13,Orthopedics,19,11,8,70,55,15,0.786,63.5,4.1,8
2025-04-13,Pediatrics,22,7,6,50,39,11,0.78,56.4,3.3,5
2025-04-14,Emergency,82,14,18,25,19,6,0.76,53.7,1.5,13
2025-04-14,General Medicine,57,38,37,120,101,19,0.842,81.6,3.7,19
2025-04-14,Surgery,33,24,20,80,74,6,0.925,66.5,5.0,11
2025-04-14,Cardiology,17,10,7,60,55,5,0.917,63.3,3.7,11
2025-04-14,Orthopedics,22,14,12,70,51,19,0.729,65.3,2.5,12
2025-04-14,Pediatrics,30,13,9,50,41,9,0.82,57.7,2.9,11
2025-04-15,Emergency,74,16,20,25,16,9,0.64,57.5,1.0,13
2025-04-15,General Medicine,41,23,19,120,99,21,0.825,68.5,4.7,14
2025-04-15,Surgery,23,15,14,80,60,20,0.75,53.6,5.1,10
2025-04-15,Cardiology,17,13,9,60,51,9,0.85,66.8,6.1,6
2025-04-15,Orthopedics,27,14,15,70,59,11,0.843,64.7,4.3,9
2025-04-15,Pediatrics,27,12,9,50,36,14,0.72,62.6,3.5,5
2025-04-16,Emergency,71,18,14,25,19,6,0.76,58.5,1.8,10
2025-04-16,General Medicine,42,28,20,120,97,23,0.808,70.9,4.4,17
2025-04-16,Surgery,27,18,13,80,68,12,0.85,67.4,6.0,11
2025-04-16,Cardiology,18,11,10,60,50,10,0.833,64.1,5.5,7
2025-04-16,Orthopedics,21,10,12,70,55,15,0.786,49.8,4.8,13
2025-04-16,Pediatrics,34,16,12,50,42,8,0.84,64.1,1.8,10
2025-04-17,Emergency,61,18,11,25,20,5,0.8,68.9,1.0,16
2025-04-17,General Medicine,35,25,19,120,87,33,0.725,62.0,4.4,14
2025-04-17,Surgery,28,23,17,80,72,8,0.9,72.1,5.0,14
2025-04-17,Cardiology,22,15,13,60,48,12,0.8,86.2,4.5,10
2025-04-17,Orthopedics,22,12,11,70,60,10,0.857,50.5,4.4,9
2025-04-17,Pediatrics,28,7,9,50,33,17,0.66,81.3,3.0,7
2025-04-18,Emergency,83,24,17,25,19,6,0.76,62.2,1.1,11
2025-04-18,General Medicine,52,32,29,120,103,17,0.858,65.5,5.0,15
2025-04-18,Surgery,24,14,13,80,70,10,0.875,68.3,6.0,16
2025-04-18,Cardiology,20,9,10,60,49,11,0.817,74.0,4.7,9
2025-04-18,Orthopedics,25,14,14,70,58,12,0.829,62.6,4.7,10
2025-04-18,Pediatrics,25,9,8,50,39,11,0.78,45.1,3.6,6
2025-04-19,Emergency,85,21,21,25,18,7,0.72,64.7,1.0,12
2025-04-19,General Medicine,46,26,25,120,87,33,0.725,49.1,4.6,16
2025-04-19,Surgery,23,17,14,80,69,11,0.863,50.8,5.1,16
2025-04-19,Cardiology,19,16,8,60,53,7,0.883,78.1,4.5,9
2025-04-19,Orthopedics,24,18,12,70,60,10,0.857,62.1,3.9,12
2025-04-19,Pediatrics,31,9,6,50,44,6,0.88,81.9,3.3,11
2025-04-20,Emergency,68,15,9,25,20,5,0.8,56.7,1.0,12
2025-04-20,General Medicine,50,30,30,120,106,14,0.883,72.9,4.2,19
2025-04-20,Surgery,20,11,13,80,67,13,0.838,57.3,5.5,12
2025-04-20,Cardiology,16,11,8,60,52,8,0.867,58.2,5.3,10
2025-04-20,Orthopedics,22,14,10,70,61,9,0.871,57.9,5.1,12
2025-04-20,Pediatrics,25,8,5,50,37,13,0.74,52.0,1.8,9
2025-04-21,Emergency,79,27,17,25,20,5,0.8,60.1,1.0,12
2025-04-21,General Medicine,46,32,26,120,97,23,0.808,59.4,4.4,16
2025-04-21,Surgery,25,21,15,80,63,17,0.787,69.3,6.0,11
2025-04-21,Cardiology,24,15,14,60,45,15,0.75,77.8,4.8,8
2025-04-21,Orthopedics,24,11,13,70,62,8,0.886,76.4,3.5,12
2025-04-21,Pediatrics,29,12,8,50,40,10,0.8,71.8,2.2,12
2025-04-22,Emergency,64,20,10,25,20,5,0.8,61.1,1.0,13
2025-04-22,General Medicine,45,25,24,120,110,10,0.917,73.1,5.0,16
2025-04-22,Surgery,27,19,15,80,69,11,0.863,64.2,5.6,11
2025-04-22,Cardiology,23,18,11,60,54,6,0.9,66.0,5.3,7
2025-04-22,Orthopedics,28,18,14,70,56,14,0.8,63.7,4.0,10
2025-04-22,Pediatrics,28,6,10,50,36,14,0.72,79.6,2.5,10
2025-04-23,Emergency,84,30,12,25,22,3,0.88,67.3,1.9,11
2025-04-23,General Medicine,41,28,23,120,97,23,0.808,66.1,4.8,13
2025-04-23,Surgery,27,17,16,80,74,6,0.925,64.1,5.8,14
2025-04-23,Cardiology,23,15,11,60,46,14,0.767,68.5,4.6,10
2025-04-23,Orthopedics,26,16,12,70,53,17,0.757,68.8,4.0,13
2025-04-23,Pediatrics,28,4,8,50,39,11,0.78,62.5,3.5,3
2025-04-24,Emergency,81,25,15,25,22,3,0.88,63.3,1.2,10
2025-04-24,General Medicine,38,27,21,120,110,10,0.917,66.5,3.6,16
2025-04-24,Surgery,28,21,17,80,61,19,0.762,66.9,4.3,16
2025-04-24,Cardiology,19,13,11,60,53,7,0.883,67.1,4.7,12
2025-04-24,Orthopedics,25,14,15,70,57,13,0.814,56.7,4.4,10
2025-04-24,Pediatrics,31,11,9,50,42,8,0.84,84.4,2.6,7
2025-04-25,Emergency,84,23,13,25,19,6,0.76,72.9,1.0,9
2025-04-25,General Medicine,46,31,26,120,95,25,0.792,67.2,4.9,14
2025-04-25,Surgery,28,22,15,80,73,7,0.912,73.3,5.8,17
2025-04-25,Cardiology,16,7,8,60,54,6,0.9,57.2,4.2,11
2025-04-25,Orthopedics,21,12,9,70,53,17,0.757,54.1,4.0,11
2025-04-25,Pediatrics,32,12,8,50,41,9,0.82,64.1,2.2,6
2025-04-26,Emergency,79,21,18,25,19,6,0.76,70.8,1.0,15
2025-04-26,General Medicine,43,31,24,120,105,15,0.875,68.3,4.5,17
2025-04-26,Surgery,31,21,20,80,67,13,0.838,67.6,5.3,15
2025-04-26,Cardiology,13,9,9,60,51,9,0.85,55.5,5.8,10
2025-04-26,Orthopedics,18,9,9,70,58,12,0.829,60.4,3.5,11
2025-04-26,Pediatrics,27,6,8,50,36,14,0.72,69.9,3.1,9
2025-04-27,Emergency,73,20,16,25,19,6,0.76,67.5,2.0,16
2025-04-27,General Medicine,40,23,20,120,98,22,0.817,60.8,4.2,18
2025-04-27,Surgery,20,13,13,80,70,10,0.875,50.9,5.7,12
2025-04-27,Cardiology,18,14,11,60,47,13,0.783,63.0,5.4,11
2025-04-27,Orthopedics,21,10,9,70,58,12,0.829,70.0,4.2,12
2025-04-27,Pediatrics,31,11,8,50,37,13,0.74,41.7,3.0,9
2025-04-28,Emergency,65,18,9,25,17,8,0.68,65.7,1.0,14
2025-04-28,General Medicine,41,29,21,120,101,19,0.842,66.6,4.4,15
2025-04-28,Surgery,28,20,14,80,64,16,0.8,51.0,5.1,14
2025-04-28,Cardiology,17,12,9,60,48,12,0.8,69.1,5.7,9
2025-04-28,Orthopedics,26,16,11,70,57,13,0.814,72.0,4.0,12
2025-04-28,Pediatrics,27,13,9,50,40,10,0.8,62.8,2.3,8
2025-04-29,Emergency,81,29,17,25,17,8,0.68,69.3,1.4,14
2025-04-29,General Medicine,43,32,23,120,106,14,0.883,70.4,3.4,18
2025-04-29,Surgery,25,19,14,80,69,11,0.863,77.8,5.1,12
2025-04-29,Cardiology,20,12,12,60,42,18,0.7,63.0,4.5,10
2025-04-29,Orthopedics,16,8,10,70,58,12,0.829,64.5,3.8,11
2025-04-29,Pediatrics,28,12,8,50,39,11,0.78,58.4,2.4,6
2025-04-30,Emergency,80,21,9,25,19,6,0.76,67.5,1.0,14
2025-04-30,General Medicine,59,42,35,120,97,23,0.808,65.0,3.7,18
2025-04-30,Surgery,24,20,15,80,71,9,0.887,57.8,5.9,15
2025-04-30,Cardiology,19,15,11,60,53,7,0.883,62.3,4.3,13
2025-04-30,Orthopedics,24,16,13,70,55,15,0.786,53.3,4.2,9
2025-04-30,Pediatrics,29,9,7,50,42,8,0.84,70.5,2.6,6
2025-05-01,Emergency,71,23,12,25,18,7,0.72,68.8,1.0,11
2025-05-01,General Medicine,40,19,22,120,95,25,0.792,74.6,5.0,18
2025-05-01,Surgery,23,17,14,80,70,10,0.875,71.4,5.7,14
2025-05-01,Cardiology,19,12,10,60,52,8,0.867,77.4,5.1,8
2025-05-01,Orthopedics,22,12,11,70,56,14,0.8,56.9,4.2,10
2025-05-01,Pediatrics,38,15,13,50,39,11,0.78,76.5,2.8,11
2025-05-02,Emergency,91,24,11,25,23,2,0.92,78.9,1.0,13
2025-05-02,General Medicine,51,36,27,120,103,17,0.858,79.3,5.0,19
2025-05-02,Surgery,28,17,14,80,69,11,0.863,66.8,4.5,13
2025-05-02,Cardiology,20,15,11,60,48,12,0.8,65.3,4.2,12
2025-05-02,Orthopedics,23,13,13,70,56,14,0.8,76.4,3.0,9
2025-05-02,Pediatrics,32,14,6,50,42,8,0.84,50.1,2.1,10
2025-05-03,Emergency,75,23,14,25,23,2,0.92,72.8,1.0,11
2025-05-03,General Medicine,55,37,31,120,100,20,0.833,75.7,4.1,17
2025-05-03,Surgery,26,20,19,80,65,15,0.812,70.0,5.1,11
2025-05-03,Cardiology,15,10,7,60,54,6,0.9,65.6,4.4,9
2025-05-03,Orthopedics,25,20,13,70,57,13,0.814,67.9,4.7,11
2025-05-03,Pediatrics,27,9,8,50,41,9,0.82,67.5,2.8,7
2025-05-04,Emergency,71,19,8,25,17,8,0.68,72.3,1.0,9
2025-05-04,General Medicine,43,29,25,120,106,14,0.883,69.8,4.9,22
2025-05-04,Surgery,30,21,16,80,63,17,0.787,76.7,4.7,14
2025-05-04,Cardiology,20,13,11,60,43,17,0.717,67.0,5.5,9
2025-05-04,Orthopedics,23,15,12,70,57,13,0.814,71.8,4.3,7
2025-05-04,Pediatrics,30,10,8,50,39,11,0.78,55.7,3.2,8
2025-05-05,Emergency,81,32,22,25,19,6,0.76,66.2,1.0,8
2025-05-05,General Medicine,41,26,24,120,102,18,0.85,65.3,4.5,20
2025-05-05,Surgery,28,20,18,80,59,21,0.738,69.2,5.3,13
2025-05-05,Cardiology,20,14,11,60,51,9,0.85,61.5,3.7,8
2025-05-05,Orthopedics,19,14,11,70,54,16,0.771,55.6,4.4,11
2025-05-05,Pediatrics,33,7,8,50,37,13,0.74,69.1,3.4,10
2025-05-06,Emergency,83,26,16,25,20,5,0.8,73.6,1.0,9
2025-05-06,General Medicine,46,30,23,120,101,19,0.842,55.7,4.4,19
2025-05-06,Surgery,32,22,18,80,64,16,0.8,57.3,5.0,12
2025-05-06,Cardiology,17,14,10,60,50,10,0.833,63.8,4.9,10
2025-05-06,Orthopedics,25,18,14,70,61,9,0.871,71.1,4.2,13
2025-05-06,Pediatrics,32,13,8,50,38,12,0.76,62.6,2.5,10
2025-05-07,Emergency,91,26,16,25,21,4,0.84,59.9,1.0,13
2025-05-07,General Medicine,38,22,21,120,94,26,0.783,63.0,4.6,23
2025-05-07,Surgery,26,20,14,80,78,2,0.975,71.0,4.7,16
2025-05-07,Cardiology,17,11,9,60,49,11,0.817,55.9,5.1,13
2025-05-07,Orthopedics,20,11,8,70,60,10,0.857,65.0,3.7,8
2025-05-07,Pediatrics,33,16,10,50,40,10,0.8,70.3,2.2,12
2025-05-08,Emergency,74,17,14,25,19,6,0.76,76.2,1.0,8
2025-05-08,General Medicine,47,33,27,120,99,21,0.825,63.3,4.6,19
2025-05-08,Surgery,34,25,21,80,68,12,0.85,83.3,5.6,14
2025-05-08,Cardiology,21,13,11,60,51,9,0.85,64.3,4.5,7
2025-05-08,Orthopedics,28,19,14,70,57,13,0.814,50.1,5.0,11
2025-05-08,Pediatrics,31,12,8,50,46,4,0.92,71.2,2.2,8
2025-05-09,Emergency,83,25,25,25,21,4,0.84,65.0,1.0,12
2025-05-09,General Medicine,53,32,28,120,107,13,0.892,70.1,4.1,14
2025-05-09,Surgery,29,24,18,80,67,13,0.838,74.7,4.9,12
2025-05-09,Cardiology,15,11,8,60,49,11,0.817,55.8,3.8,14
2025-05-09,Orthopedics,27,12,12,70,54,16,0.771,78.9,3.8,11
2025-05-09,Pediatrics,28,12,7,50,37,13,0.74,70.8,3.6,14
2025-05-10,Emergency,62,21,14,25,22,3,0.88,52.8,1.2,7
2025-05-10,General Medicine,44,26,21,120,112,8,0.933,69.3,3.8,20
2025-05-10,Surgery,22,16,14,80,64,16,0.8,73.7,5.0,10
2025-05-10,Cardiology,21,11,12,60,49,11,0.817,65.8,5.3,11
2025-05-10,Orthopedics,20,14,11,70,53,17,0.757,60.4,4.8,9
2025-05-10,Pediatrics,33,8,7,50,38,12,0.76,66.5,1.9,8
2025-05-11,Emergency,71,16,16,25,21,4,0.84,64.7,1.0,10
2025-05-11,General Medicine,40,18,24,120,95,25,0.792,65.8,4.8,14
2025-05-11,Surgery,22,21,12,80,75,5,0.938,61.1,4.6,12
2025-05-11,Cardiology,16,12,8,60,50,10,0.833,68.9,4.2,10
2025-05-11,Orthopedics,16,8,7,70,59,11,0.843,59.3,4.1,10
2025-05-11,Pediatrics,29,9,3,50,42,8,0.84,68.7,2.9,11
2025-05-12,Emergency,75,20,18,25,19,6,0.76,49.3,1.0,11
2025-05-12,General Medicine,41,30,22,120,101,19,0.842,52.5,5.3,17
2025-05-12,Surgery,25,19,16,80,73,7,0.912,59.3,5.1,16
2025-05-12,Cardiology,18,9,9,60,51,9,0.85,70.9,6.3,5
2025-05-12,Orthopedics,25,16,12,70,61,9,0.871,59.1,4.6,10
2025-05-12,Pediatrics,30,14,7,50,45,5,0.9,54.3,2.0,4
2025-05-13,Emergency,73,18,15,25,21,4,0.84,52.7,1.1,11
2025-05-13,General Medicine,41,23,22,120,86,34,0.717,67.0,3.8,17
2025-05-13,Surgery,28,20,16,80,69,11,0.863,61.6,5.7,13
2025-05-13,Cardiology,16,13,8,60,48,12,0.8,69.8,4.4,11
2025-05-13,Orthopedics,22,8,9,70,53,17,0.757,61.8,2.4,12
2025-05-13,Pediatrics,29,13,5,50,38,12,0.76,51.5,2.4,7
2025-05-14,Emergency,81,20,14,25,20,5,0.8,69.5,1.0,10
2025-05-14,General Medicine,41,30,20,120,107,13,0.892,62.7,3.7,21
2025-05-14,Surgery,27,19,14,80,67,13,0.838,62.7,6.0,16
2025-05-14,Cardiology,16,13,10,60,47,13,0.783,61.2,4.8,11
2025-05-14,Orthopedics,26,14,12,70,62,8,0.886,64.0,4.4,12
2025-05-14,Pediatrics,30,12,8,50,39,11,0.78,62.4,2.7,12
2025-05-15,Emergency,78,25,15,25,21,4,0.84,48.8,1.5,14
2025-05-15,General Medicine,45,30,26,120,102,18,0.85,69.9,4.1,17
2025-05-15,Surgery,25,17,16,80,61,19,0.762,63.9,4.8,14
2025-05-15,Cardiology,22,15,10,60,53,7,0.883,73.7,4.9,7
2025-05-15,Orthopedics,22,13,12,70,53,17,0.757,64.2,3.7,9
2025-05-15,Pediatrics,36,16,12,50,44,6,0.88,58.6,3.1,10
2025-05-16,Emergency,68,19,8,25,19,6,0.76,56.9,1.0,13
2025-05-16,General Medicine,45,26,21,120,99,21,0.825,65.5,5.3,16
2025-05-16,Surgery,31,18,18,80,69,11,0.863,80.2,4.9,13
2025-05-16,Cardiology,19,15,11,60,47,13,0.783,73.7,5.8,13
2025-05-16,Orthopedics,27,16,13,70,65,5,0.929,51.0,4.9,12
2025-05-16,Pediatrics,35,9,8,50,39,11,0.78,75.1,2.8,6
2025-05-17,Emergency,72,26,18,25,17,8,0.68,39.2,1.0,11
2025-05-17,General Medicine,42,23,22,120,100,20,0.833,70.5,5.2,19
2025-05-17,Surgery,24,21,13,80,63,17,0.787,64.1,4.9,11
2025-05-17,Cardiology,21,17,11,60,46,14,0.767,68.5,5.9,12
2025-05-17,Orthopedics,25,15,13,70,57,13,0.814,79.8,5.5,10
2025-05-17,Pediatrics,22,5,7,50,37,13,0.74,63.8,3.5,5
2025-05-18,Emergency,75,12,13,25,17,8,0.68,70.5,1.1,11
2025-05-18,General Medicine,48,27,24,120,91,29,0.758,64.8,5.0,18
2025-05-18,Surgery,25,15,17,80,67,13,0.838,56.6,5.1,15
2025-05-18,Cardiology,15,11,8,60,52,8,0.867,60.4,4.6,6
2025-05-18,Orthopedics,18,10,9,70,61,9,0.871,64.5,5.1,13
2025-05-18,Pediatrics,28,8,7,50,40,10,0.8,67.4,2.3,10
2025-05-19,Emergency,100,31,14,25,19,6,0.76,76.0,1.0,14
2025-05-19,General Medicine,34,22,18,120,96,24,0.8,73.7,5.4,19
2025-05-19,Surgery,26,16,15,80,59,21,0.738,63.4,5.1,10
2025-05-19,Cardiology,18,11,11,60,50,10,0.833,57.6,4.8,7
2025-05-19,Orthopedics,22,10,9,70,54,16,0.771,70.8,4.3,12
2025-05-19,Pediatrics,30,11,5,50,38,12,0.76,89.0,2.0,9
2025-05-20,Emergency,81,18,21,25,19,6,0.76,70.7,1.0,9
2025-05-20,General Medicine,41,27,21,120,110,10,0.917,60.5,3.7,17
2025-05-20,Surgery,26,21,13,80,74,6,0.925,81.8,5.4,14
2025-05-20,Cardiology,17,13,9,60,51,9,0.85,68.8,4.8,9
2025-05-20,Orthopedics,23,14,11,70,68,2,0.971,61.5,4.4,12
2025-05-20,Pediatrics,34,16,9,50,41,9,0.82,61.0,3.3,9
2025-05-21,Emergency,83,28,14,25,20,5,0.8,70.2,1.0,13
2025-05-21,General Medicine,41,32,22,120,99,21,0.825,78.3,4.0,16
2025-05-21,Surgery,25,18,13,80,61,19,0.762,56.1,5.3,14
2025-05-21,Cardiology,19,11,10,60,48,12,0.8,63.9,5.1,12
2025-05-21,Orthopedics,21,14,11,70,54,16,0.771,68.3,6.1,11
2025-05-21,Pediatrics,30,13,8,50,40,10,0.8,68.0,2.8,7
2025-05-22,Emergency,79,21,10,25,18,7,0.72,68.8,1.0,10
2025-05-22,General Medicine,49,38,25,120,103,17,0.858,72.5,3.9,15
2025-05-22,Surgery,26,19,15,80,60,20,0.75,88.5,5.0,14
2025-05-22,Cardiology,17,10,9,60,51,9,0.85,53.5,5.1,9
2025-05-22,Orthopedics,23,14,12,70,62,8,0.886,55.7,4.6,11
2025-05-22,Pediatrics,35,12,9,50,35,15,0.7,70.8,1.8,3
2025-05-23,Emergency,82,21,16,25,20,5,0.8,62.1,1.0,12
2025-05-23,General Medicine,46,30,26,120,109,11,0.908,68.0,3.1,17
2025-05-23,Surgery,35,28,20,80,70,10,0.875,78.4,4.7,14
2025-05-23,Cardiology,16,13,9,60,42,18,0.7,68.3,4.3,10
2025-05-23,Orthopedics,19,6,9,70,64,6,0.914,67.1,3.8,10
2025-05-23,Pediatrics,36,7,9,50,40,10,0.8,81.6,2.7,8
2025-05-24,Emergency,62,12,14,25,20,5,0.8,75.7,1.0,9
2025-05-24,General Medicine,43,22,21,120,102,18,0.85,55.9,3.6,13
2025-05-24,Surgery,25,18,14,80,59,21,0.738,68.3,4.7,15
2025-05-24,Cardiology,15,11,10,60,43,17,0.717,57.5,4.6,8
2025-05-24,Orthopedics,24,15,13,70,53,17,0.757,65.4,4.1,11
2025-05-24,Pediatrics,24,6,6,50,38,12,0.76,63.8,3.0,7
2025-05-25,Emergency,82,23,12,25,21,4,0.84,56.7,1.0,9
2025-05-25,General Medicine,32,20,16,120,90,30,0.75,73.6,4.1,16
2025-05-25,Surgery,17,10,9,80,60,20,0.75,47.0,5.9,13
2025-05-25,Cardiology,19,14,12,60,51,9,0.85,74.8,4.8,4
2025-05-25,Orthopedics,20,12,11,70,58,12,0.829,54.4,2.7,10
2025-05-25,Pediatrics,24,13,9,50,45,5,0.9,65.4,2.7,7
2025-05-26,Emergency,87,29,9,25,19,6,0.76,72.1,1.1,15
2025-05-26,General Medicine,45,24,22,120,87,33,0.725,59.5,4.9,18
2025-05-26,Surgery,30,23,18,80,72,8,0.9,63.6,5.1,12
2025-05-26,Cardiology,25,16,14,60,55,5,0.917,60.1,5.5,14
2025-05-26,Orthopedics,19,13,10,70,58,12,0.829,59.0,4.9,11
2025-05-26,Pediatrics,33,10,11,50,35,15,0.7,56.6,2.9,9
2025-05-27,Emergency,72,24,17,25,20,5,0.8,65.1,1.8,10
2025-05-27,General Medicine,56,37,29,120,101,19,0.842,60.7,5.3,18
2025-05-27,Surgery,29,24,19,80,69,11,0.863,82.7,5.1,13
2025-05-27,Cardiology,16,10,9,60,56,4,0.933,67.8,4.9,10
2025-05-27,Orthopedics,20,17,12,70,60,10,0.857,54.9,3.7,14
2025-05-27,Pediatrics,30,7,11,50,41,9,0.82,63.3,3.1,9
2025-05-28,Emergency,69,20,15,25,19,6,0.76,68.5,1.0,13
2025-05-28,General Medicine,36,26,21,120,95,25,0.792,57.8,4.4,19
2025-05-28,Surgery,25,19,13,80,73,7,0.912,63.5,4.5,14
2025-05-28,Cardiology,19,12,12,60,50,10,0.833,73.8,4.9,10
2025-05-28,Orthopedics,30,18,15,70,58,12,0.829,69.9,3.9,11
2025-05-28,Pediatrics,29,9,8,50,35,15,0.7,62.3,3.1,7
2025-05-29,Emergency,65,16,13,25,19,6,0.76,63.6,1.2,13
2025-05-29,General Medicine,48,30,28,120,116,4,0.967,65.0,4.6,17
2025-05-29,Surgery,26,20,17,80,72,8,0.9,55.1,5.7,14
2025-05-29,Cardiology,21,14,11,60,51,9,0.85,76.5,6.4,11
2025-05-29,Orthopedics,23,12,12,70,54,16,0.771,65.6,4.7,12
2025-05-29,Pediatrics,25,11,6,50,42,8,0.84,50.8,2.9,9
2025-05-30,Emergency,95,25,15,25,21,4,0.84,80.6,1.0,11
2025-05-30,General Medicine,44,26,23,120,109,11,0.908,67.0,4.4,17
2025-05-30,Surgery,25,21,13,80,68,12,0.85,71.2,5.2,14
2025-05-30,Cardiology,19,15,11,60,50,10,0.833,59.1,4.8,11
2025-05-30,Orthopedics,19,17,9,70,63,7,0.9,64.1,4.6,8
2025-05-30,Pediatrics,30,8,7,50,37,13,0.74,74.9,4.2,7
2025-05-31,Emergency,75,19,12,25,18,7,0.72,68.6,1.0,12
2025-05-31,General Medicine,32,19,16,120,104,16,0.867,57.5,4.4,18
2025-05-31,Surgery,21,16,12,80,73,7,0.912,72.0,4.3,15
2025-05-31,Cardiology,15,9,8,60,57,3,0.95,61.9,4.3,7
2025-05-31,Orthopedics,23,10,11,70,45,25,0.643,75.2,2.9,10
2025-05-31,Pediatrics,30,8,12,50,46,4,0.92,59.4,2.3,7
2025-06-01,Emergency,77,19,17,25,17,8,0.68,62.5,1.0,12
2025-06-01,General Medicine,30,20,17,120,112,8,0.933,54.4,5.2,17
2025-06-01,Surgery,23,16,14,80,61,19,0.762,60.2,6.5,12
2025-06-01,Cardiology,15,8,10,60,43,17,0.717,77.3,4.8,8
2025-06-01,Orthopedics,21,9,12,70,53,17,0.757,64.0,4.8,12
2025-06-01,Pediatrics,26,9,5,50,36,14,0.72,59.8,2.6,8
2025-06-02,Emergency,73,19,10,25,20,5,0.8,72.3,2.0,13
2025-06-02,General Medicine,52,40,25,120,102,18,0.85,64.5,5.1,18
2025-06-02,Surgery,24,18,12,80,63,17,0.787,61.7,6.1,14
2025-06-02,Cardiology,17,10,6,60,50,10,0.833,78.9,5.1,9
2025-06-02,Orthopedics,19,12,10,70,57,13,0.814,72.5,4.8,10
2025-06-02,Pediatrics,32,7,5,50,37,13,0.74,70.7,2.7,7
2025-06-03,Emergency,91,22,22,25,21,4,0.84,65.7,1.0,12
2025-06-03,General Medicine,46,28,24,120,88,32,0.733,75.0,4.2,17
2025-06-03,Surgery,34,25,20,80,57,23,0.713,69.0,5.7,14
2025-06-03,Cardiology,17,14,8,60,56,4,0.933,70.1,4.7,10
2025-06-03,Orthopedics,21,9,11,70,66,4,0.943,67.0,4.0,11
2025-06-03,Pediatrics,26,9,7,50,39,11,0.78,64.2,3.3,8
2025-06-04,Emergency,67,24,13,25,21,4,0.84,70.1,1.0,13
2025-06-04,General Medicine,47,33,23,120,112,8,0.933,64.9,4.4,20
2025-06-04,Surgery,27,19,16,80,64,16,0.8,59.4,4.8,13
2025-06-04,Cardiology,16,11,8,60,54,6,0.9,71.8,3.6,11
2025-06-04,Orthopedics,20,10,11,70,66,4,0.943,56.9,4.6,8
2025-06-04,Pediatrics,28,11,10,50,43,7,0.86,64.2,3.5,8
2025-06-05,Emergency,74,18,19,25,21,4,0.84,62.0,1.0,8
2025-06-05,General Medicine,41,26,24,120,98,22,0.817,62.2,4.4,18
2025-06-05,Surgery,28,21,16,80,66,14,0.825,81.9,5.4,12
2025-06-05,Cardiology,20,14,12,60,46,14,0.767,61.5,6.5,7
2025-06-05,Orthopedics,19,7,10,70,57,13,0.814,59.5,3.8,7
2025-06-05,Pediatrics,23,8,9,50,43,7,0.86,70.4,2.5,10
2025-06-06,Emergency,91,24,26,25,17,8,0.68,68.1,1.0,11
2025-06-06,General Medicine,45,28,23,120,99,21,0.825,75.2,4.7,18
2025-06-06,Surgery,28,23,16,80,67,13,0.838,56.7,6.0,14
2025-06-06,Cardiology,15,10,9,60,53,7,0.883,67.7,3.6,9
2025-06-06,Orthopedics,18,9,8,70,55,15,0.786,57.2,3.1,11
2025-06-06,Pediatrics,26,10,8,50,39,11,0.78,67.6,3.1,11
2025-06-07,Emergency,69,21,14,25,20,5,0.8,58.3,1.0,13
2025-06-07,General Medicine,36,22,19,120,91,29,0.758,73.9,4.8,17
2025-06-07,Surgery,20,14,11,80,70,10,0.875,54.1,4.3,10
2025-06-07,Cardiology,16,11,8,60,45,15,0.75,52.1,4.9,9
2025-06-07,Orthopedics,17,8,8,70,57,13,0.814,71.8,4.8,8
2025-06-07,Pediatrics,23,9,6,50,38,12,0.76,57.7,1.4,9
2025-06-08,Emergency,67,17,16,25,19,6,0.76,52.9,1.5,9
2025-06-08,General Medicine,42,32,19,120,100,20,0.833,54.8,4.4,19
2025-06-08,Surgery,19,16,12,80,68,12,0.85,57.4,5.0,13
2025-06-08,Cardiology,12,8,7,60,44,16,0.733,63.3,5.4,8
2025-06-08,Orthopedics,19,13,10,70,58,12,0.829,68.3,3.0,12
2025-06-08,Pediatrics,26,9,6,50,40,10,0.8,52.3,3.0,11
2025-06-09,Emergency,78,24,12,25,21,4,0.84,75.6,1.1,10
2025-06-09,General Medicine,34,21,17,120,104,16,0.867,50.2,5.1,17
2025-06-09,Surgery,29,24,18,80,71,9,0.887,62.6,6.0,10
2025-06-09,Cardiology,16,13,10,60,52,8,0.867,57.1,5.8,10
2025-06-09,Orthopedics,15,9,8,70,62,8,0.886,44.7,4.1,13
2025-06-09,Pediatrics,30,12,9,50,42,8,0.84,70.1,3.7,11
2025-06-10,Emergency,71,22,17,25,19,6,0.76,60.0,1.0,8
2025-06-10,General Medicine,26,18,15,120,102,18,0.85,54.4,3.6,16
2025-06-10,Surgery,27,17,16,80,62,18,0.775,66.5,4.6,15
2025-06-10,Cardiology,17,10,9,60,49,11,0.817,72.8,5.2,12
2025-06-10,Orthopedics,21,10,12,70,60,10,0.857,63.6,2.4,8
2025-06-10,Pediatrics,31,11,10,50,40,10,0.8,56.6,4.1,8
2025-06-11,Emergency,79,19,20,25,18,7,0.72,58.4,1.0,12
2025-06-11,General Medicine,45,33,23,120,100,20,0.833,54.1,5.5,18
2025-06-11,Surgery,30,21,17,80,58,22,0.725,59.1,5.5,17
2025-06-11,Cardiology,16,12,8,60,44,16,0.733,76.7,4.0,10
2025-06-11,Orthopedics,25,15,13,70,60,10,0.857,67.7,4.8,7
2025-06-11,Pediatrics,29,7,7,50,42,8,0.84,73.4,2.1,13
2025-06-12,Emergency,84,24,16,25,16,9,0.64,82.4,1.0,8
2025-06-12,General Medicine,38,19,16,120,94,26,0.783,46.7,4.7,20
2025-06-12,Surgery,23,16,14,80,64,16,0.8,57.4,4.8,13
2025-06-12,Cardiology,17,11,9,60,49,11,0.817,63.6,4.1,13
2025-06-12,Orthopedics,20,10,9,70,52,18,0.743,60.6,4.6,14
2025-06-12,Pediatrics,31,8,10,50,38,12,0.76,81.7,2.0,12
2025-06-13,Emergency,76,28,16,25,20,5,0.8,69.1,1.0,8
2025-06-13,General Medicine,33,27,18,120,98,22,0.817,53.3,3.7,17
2025-06-13,Surgery,26,22,16,80,75,5,0.938,76.1,5.3,13
2025-06-13,Cardiology,18,11,10,60,50,10,0.833,57.8,4.4,8
2025-06-13,Orthopedics,21,12,11,70,53,17,0.757,65.8,3.8,7
2025-06-13,Pediatrics,25,13,6,50,43,7,0.86,57.2,2.7,9
2025-06-14,Emergency,73,23,10,25,18,7,0.72,73.8,1.0,13
2025-06-14,General Medicine,38,25,23,120,99,21,0.825,53.8,4.3,18
2025-06-14,Surgery,27,18,15,80,71,9,0.887,68.5,5.2,13
2025-06-14,Cardiology,17,12,11,60,54,6,0.9,63.2,5.8,11
2025-06-14,Orthopedics,21,12,12,70,64,6,0.914,64.6,3.4,7
2025-06-14,Pediatrics,26,9,6,50,45,5,0.9,56.5,2.9,7
2025-06-15,Emergency,74,17,16,25,20,5,0.8,70.6,1.0,14
2025-06-15,General Medicine,42,23,23,120,87,33,0.725,61.9,3.6,15
2025-06-15,Surgery,20,12,11,80,68,12,0.85,57.0,4.9,11
2025-06-15,Cardiology,16,10,9,60,49,11,0.817,65.7,3.6,5
2025-06-15,Orthopedics,21,11,11,70,62,8,0.886,67.7,4.2,10
2025-06-15,Pediatrics,26,9,8,50,34,16,0.68,66.9,4.1,9
2025-06-16,Emergency,92,30,15,25,20,5,0.8,60.0,1.8,10
2025-06-16,General Medicine,46,26,22,120,106,14,0.883,65.6,5.2,18
2025-06-16,Surgery,25,19,14,80,66,14,0.825,70.7,5.9,16
2025-06-16,Cardiology,14,8,7,60,49,11,0.817,71.7,5.7,13
2025-06-16,Orthopedics,21,13,12,70,60,10,0.857,50.5,3.0,7
2025-06-16,Pediatrics,29,8,7,50,39,11,0.78,55.3,3.1,6
2025-06-17,Emergency,69,20,6,25,19,6,0.76,60.2,1.0,14
2025-06-17,General Medicine,40,26,21,120,115,5,0.958,78.7,4.0,19
2025-06-17,Surgery,27,16,15,80,67,13,0.838,57.6,4.7,13
2025-06-17,Cardiology,19,15,12,60,52,8,0.867,56.7,5.4,6
2025-06-17,Orthopedics,20,13,10,70,57,13,0.814,52.8,3.5,12
2025-06-17,Pediatrics,28,10,7,50,41,9,0.82,68.8,4.3,7
2025-06-18,Emergency,66,16,10,25,22,3,0.88,62.8,1.0,12
2025-06-18,General Medicine,47,32,27,120,95,25,0.792,82.2,5.7,18
2025-06-18,Surgery,25,19,16,80,64,16,0.8,70.7,5.8,13
2025-06-18,Cardiology,16,12,10,60,46,14,0.767,55.6,5.1,8
2025-06-18,Orthopedics,21,12,9,70,58,12,0.829,65.8,5.2,14
2025-06-18,Pediatrics,23,4,4,50,42,8,0.84,89.7,2.1,9
2025-06-19,Emergency,70,26,12,25,19,6,0.76,68.0,1.0,10
2025-06-19,General Medicine,40,25,21,120,107,13,0.892,64.5,4.8,17
2025-06-19,Surgery,24,18,14,80,65,15,0.812,58.5,5.4,10
2025-06-19,Cardiology,19,15,10,60,49,11,0.817,75.4,5.4,7
2025-06-19,Orthopedics,19,10,12,70,56,14,0.8,64.1,4.6,11
2025-06-19,Pediatrics,26,8,10,50,40,10,0.8,54.5,2.8,6
2025-06-20,Emergency,69,19,16,25,19,6,0.76,72.6,1.0,11
2025-06-20,General Medicine,48,33,25,120,111,9,0.925,75.5,3.4,20
2025-06-20,Surgery,19,16,12,80,73,7,0.912,49.5,4.6,10
2025-06-20,Cardiology,16,11,8,60,51,9,0.85,77.2,6.4,10
2025-06-20,Orthopedics,25,16,13,70,60,10,0.857,68.7,3.7,14
2025-06-20,Pediatrics,26,10,7,50,37,13,0.74,63.2,3.9,11
2025-06-21,Emergency,79,26,15,25,19,6,0.76,79.7,2.0,13
2025-06-21,General Medicine,41,30,22,120,100,20,0.833,59.2,3.7,16
2025-06-21,Surgery,19,17,13,80,74,6,0.925,55.6,5.9,15
2025-06-21,Cardiology,14,12,9,60,54,6,0.9,56.3,4.8,10
2025-06-21,Orthopedics,22,15,9,70,58,12,0.829,69.2,4.2,11
2025-06-21,Pediatrics,27,10,10,50,44,6,0.88,75.8,3.0,9
2025-06-22,Emergency,75,25,17,25,23,2,0.92,43.2,1.0,14
2025-06-22,General Medicine,42,33,28,120,111,9,0.925,68.2,4.7,15
2025-06-22,Surgery,19,16,11,80,68,12,0.85,62.2,4.8,12
2025-06-22,Cardiology,18,12,12,60,45,15,0.75,57.5,3.4,8
2025-06-22,Orthopedics,21,10,10,70,51,19,0.729,68.5,3.1,12
2025-06-22,Pediatrics,29,13,6,50,44,6,0.88,68.3,2.9,5
2025-06-23,Emergency,73,21,14,25,21,4,0.84,78.3,1.1,15
2025-06-23,General Medicine,34,26,19,120,114,6,0.95,44.5,5.2,16
2025-06-23,Surgery,21,14,13,80,73,7,0.912,73.0,5.0,14
2025-06-23,Cardiology,16,8,10,60,51,9,0.85,72.7,4.3,8
2025-06-23,Orthopedics,21,13,8,70,53,17,0.757,64.5,5.3,11
2025-06-23,Pediatrics,35,11,8,50,42,8,0.84,56.3,4.4,8
2025-06-24,Emergency,67,14,8,25,18,7,0.72,69.9,1.0,14
2025-06-24,General Medicine,43,29,19,120,94,26,0.783,66.8,5.3,16
2025-06-24,Surgery,28,21,16,80,65,15,0.812,69.9,5.5,15
2025-06-24,Cardiology,17,13,9,60,49,11,0.817,63.5,5.6,6
2025-06-24,Orthopedics,22,10,12,70,55,15,0.786,65.5,4.6,7
2025-06-24,Pediatrics,25,7,6,50,38,12,0.76,73.7,1.0,9
2025-06-25,Emergency,76,14,8,25,19,6,0.76,77.5,1.0,12
2025-06-25,General Medicine,46,28,26,120,94,26,0.783,72.2,4.3,13
2025-06-25,Surgery,28,21,15,80,67,13,0.838,59.2,4.5,17
2025-06-25,Cardiology,18,11,9,60,54,6,0.9,65.3,4.5,9
2025-06-25,Orthopedics,21,11,11,70,55,15,0.786,72.6,3.8,11
2025-06-25,Pediatrics,25,11,6,50,43,7,0.86,55.4,2.8,10
2025-06-26,Emergency,56,14,17,25,23,2,0.92,55.3,2.1,11
2025-06-26,General Medicine,41,21,24,120,112,8,0.933,52.7,4.6,18
2025-06-26,Surgery,27,19,15,80,72,8,0.9,60.7,6.4,15
2025-06-26,Cardiology,17,11,7,60,46,14,0.767,60.6,4.8,11
2025-06-26,Orthopedics,20,12,11,70,51,19,0.729,49.9,5.4,15
2025-06-26,Pediatrics,24,8,7,50,40,10,0.8,61.7,2.9,10
2025-06-27,Emergency,66,23,18,25,22,3,0.88,67.8,1.0,11
2025-06-27,General Medicine,43,31,24,120,95,25,0.792,57.5,4.9,17
2025-06-27,Surgery,22,17,12,80,69,11,0.863,73.6,5.2,13
2025-06-27,Cardiology,16,10,9,60,54,6,0.9,70.5,5.2,13
2025-06-27,Orthopedics,21,11,11,70,61,9,0.871,63.8,4.2,9
2025-06-27,Pediatrics,31,11,10,50,40,10,0.8,61.9,3.3,9
2025-06-28,Emergency,69,20,10,25,20,5,0.8,61.2,1.0,13
2025-06-28,General Medicine,36,22,21,120,93,27,0.775,61.6,4.5,19
2025-06-28,Surgery,20,18,13,80,69,11,0.863,53.4,4.5,16
2025-06-28,Cardiology,18,11,11,60,53,7,0.883,64.9,3.0,8
2025-06-28,Orthopedics,18,13,8,70,54,16,0.771,67.0,4.8,9
2025-06-28,Pediatrics,21,5,5,50,38,12,0.76,62.7,3.1,2
2025-06-29,Emergency,76,25,20,25,20,5,0.8,64.5,1.0,11
2025-06-29,General Medicine,33,21,16,120,93,27,0.775,73.0,3.9,20
2025-06-29,Surgery,23,21,11,80,68,12,0.85,57.2,5.3,14
2025-06-29,Cardiology,17,10,11,60,45,15,0.75,60.1,6.6,11
2025-06-29,Orthopedics,25,10,14,70,56,14,0.8,64.0,4.9,10
2025-06-29,Pediatrics,30,8,9,50,42,8,0.84,59.2,2.5,6
2025-06-30,Emergency,67,21,9,25,21,4,0.84,46.4,1.7,9
2025-06-30,General Medicine,37,21,21,120,91,29,0.758,78.2,4.0,19
2025-06-30,Surgery,28,19,16,80,66,14,0.825,79.6,4.7,16
2025-06-30,Cardiology,19,9,9,60,48,12,0.8,50.8,5.1,13
2025-06-30,Orthopedics,23,16,12,70,61,9,0.871,73.1,4.7,10
2025-06-30,Pediatrics,29,8,9,50,41,9,0.82,72.4,3.6,9
2025-07-01,Emergency,63,16,11,25,24,1,0.96,66.1,1.1,13
2025-07-01,General Medicine,49,35,27,120,101,19,0.842,66.9,4.0,21
2025-07-01,Surgery,23,21,14,80,72,8,0.9,49.7,5.6,9
2025-07-01,Cardiology,17,11,8,60,53,7,0.883,56.6,4.8,9
2025-07-01,Orthopedics,20,10,10,70,60,10,0.857,49.0,3.7,9
2025-07-01,Pediatrics,23,8,6,50,40,10,0.8,50.0,3.1,7
2025-07-02,Emergency,70,19,15,25,20,5,0.8,58.1,1.0,8
2025-07-02,General Medicine,46,30,25,120,88,32,0.733,78.9,5.0,17
2025-07-02,Surgery,28,18,16,80,70,10,0.875,60.0,4.6,11
2025-07-02,Cardiology,20,15,10,60,49,11,0.817,56.4,4.4,9
2025-07-02,Orthopedics,18,10,8,70,54,16,0.771,64.2,4.4,10
2025-07-02,Pediatrics,25,11,5,50,37,13,0.74,73.1,2.7,12
2025-07-03,Emergency,54,15,11,25,21,4,0.84,62.2,1.0,13
2025-07-03,General Medicine,46,27,21,120,102,18,0.85,73.4,4.3,16
2025-07-03,Surgery,23,17,13,80,70,10,0.875,54.8,4.9,7
2025-07-03,Cardiology,19,15,10,60,57,3,0.95,67.1,5.3,10
2025-07-03,Orthopedics,20,14,8,70,53,17,0.757,69.5,4.3,8
2025-07-03,Pediatrics,25,10,7,50,37,13,0.74,66.6,3.9,8
2025-07-04,Emergency,53,13,12,25,21,4,0.84,60.4,1.0,12
2025-07-04,General Medicine,46,34,25,120,109,11,0.908,63.7,3.6,13
2025-07-04,Surgery,28,24,17,80,63,17,0.787,70.4,4.4,11
2025-07-04,Cardiology,13,11,7,60,54,6,0.9,59.1,5.3,12
2025-07-04,Orthopedics,24,16,13,70,67,3,0.957,67.2,4.9,11
2025-07-04,Pediatrics,28,10,7,50,36,14,0.72,55.8,3.3,9
2025-07-05,Emergency,77,21,15,25,19,6,0.76,61.3,1.6,10
2025-07-05,General Medicine,34,22,17,120,98,22,0.817,51.4,5.2,16
2025-07-05,Surgery,19,12,11,80,60,20,0.75,55.0,5.2,9
2025-07-05,Cardiology,13,9,6,60,55,5,0.917,64.8,4.8,12
2025-07-05,Orthopedics,21,10,10,70,59,11,0.843,62.2,4.5,12
2025-07-05,Pediatrics,25,7,7,50,38,12,0.76,62.0,3.7,7
2025-07-06,Emergency,54,16,7,25,18,7,0.72,56.5,1.0,12
2025-07-06,General Medicine,31,22,18,120,99,21,0.825,59.4,4.6,10
2025-07-06,Surgery,20,15,11,80,73,7,0.912,66.4,6.7,15
2025-07-06,Cardiology,14,11,7,60,48,12,0.8,54.7,6.4,11
2025-07-06,Orthopedics,22,12,11,70,54,16,0.771,57.9,4.6,9
2025-07-06,Pediatrics,24,10,8,50,37,13,0.74,59.2,3.7,5
2025-07-07,Emergency,55,15,11,25,20,5,0.8,70.0,1.0,11
2025-07-07,General Medicine,37,21,17,120,99,21,0.825,66.5,5.2,17
2025-07-07,Surgery,29,23,14,80,69,11,0.863,81.6,5.5,15
2025-07-07,Cardiology,19,11,10,60,46,14,0.767,62.2,4.8,9
2025-07-07,Orthopedics,23,15,9,70,57,13,0.814,70.9,4.1,7
2025-07-07,Pediatrics,22,6,6,50,41,9,0.82,54.3,2.7,12
2025-07-08,Emergency,83,19,20,25,19,6,0.76,62.9,1.0,15
2025-07-08,General Medicine,45,28,26,120,108,12,0.9,55.2,4.8,19
2025-07-08,Surgery,27,18,14,80,66,14,0.825,71.0,5.2,12
2025-07-08,Cardiology,16,12,9,60,52,8,0.867,52.1,4.7,10
2025-07-08,Orthopedics,25,8,13,70,59,11,0.843,62.4,3.6,9
2025-07-08,Pediatrics,32,11,9,50,41,9,0.82,68.0,3.8,6
2025-07-09,Emergency,62,19,7,25,20,5,0.8,67.2,1.0,12
2025-07-09,General Medicine,41,33,19,120,104,16,0.867,51.1,6.1,19
2025-07-09,Surgery,25,19,15,80,66,14,0.825,62.7,5.6,17
2025-07-09,Cardiology,19,12,11,60,50,10,0.833,68.6,5.3,8
2025-07-09,Orthopedics,21,11,11,70,49,21,0.7,59.0,5.0,8
2025-07-09,Pediatrics,30,8,10,50,44,6,0.88,66.2,4.4,5
2025-07-10,Emergency,80,21,20,25,21,4,0.84,59.0,1.0,12
2025-07-10,General Medicine,38,25,21,120,98,22,0.817,71.2,4.6,23
2025-07-10,Surgery,25,21,15,80,74,6,0.925,66.7,4.7,13
2025-07-10,Cardiology,13,11,8,60,52,8,0.867,69.0,4.0,9
2025-07-10,Orthopedics,22,14,9,70,60,10,0.857,54.4,5.1,9
2025-07-10,Pediatrics,20,7,7,50,42,8,0.84,57.9,2.9,8
2025-07-11,Emergency,74,17,15,25,21,4,0.84,56.8,1.4,13
2025-07-11,General Medicine,42,26,21,120,100,20,0.833,63.2,4.6,15
2025-07-11,Surgery,24,15,15,80,62,18,0.775,81.7,4.2,13
2025-07-11,Cardiology,18,12,11,60,47,13,0.783,65.6,4.4,9
2025-07-11,Orthopedics,26,11,13,70,52,18,0.743,76.4,3.7,8
2025-07-11,Pediatrics,27,9,5,50,46,4,0.92,65.5,2.0,7
2025-07-12,Emergency,62,20,9,25,21,4,0.84,70.9,1.1,9
2025-07-12,General Medicine,34,22,23,120,117,3,0.975,58.4,4.1,18
2025-07-12,Surgery,20,17,12,80,68,12,0.85,55.5,5.2,11
2025-07-12,Cardiology,13,8,8,60,52,8,0.867,57.3,4.9,12
2025-07-12,Orthopedics,16,12,7,70,58,12,0.829,70.1,4.0,6
2025-07-12,Pediatrics,24,11,7,50,37,13,0.74,58.3,1.9,6
2025-07-13,Emergency,69,19,9,25,22,3,0.88,68.9,1.1,12
2025-07-13,General Medicine,38,26,21,120,99,21,0.825,63.1,4.3,17
2025-07-13,Surgery,20,12,12,80,68,12,0.85,67.1,5.4,15
2025-07-13,Cardiology,17,13,9,60,48,12,0.8,65.0,5.0,7
2025-07-13,Orthopedics,20,13,11,70,62,8,0.886,62.5,4.6,6
2025-07-13,Pediatrics,16,7,3,50,35,15,0.7,58.7,1.9,9
2025-07-14,Emergency,77,23,11,25,20,5,0.8,78.8,1.1,14
2025-07-14,General Medicine,36,24,18,120,111,9,0.925,78.9,4.5,22
2025-07-14,Surgery,24,16,13,80,74,6,0.925,60.3,4.8,12
2025-07-14,Cardiology,16,9,8,60,48,12,0.8,71.8,5.8,11
2025-07-14,Orthopedics,19,6,9,70,57,13,0.814,62.6,5.0,8
2025-07-14,Pediatrics,25,9,6,50,38,12,0.76,58.8,2.8,12
2025-07-15,Emergency,75,16,11,25,20,5,0.8,62.6,1.0,12
2025-07-15,General Medicine,40,23,24,120,112,8,0.933,71.3,4.1,22
2025-07-15,Surgery,25,18,13,80,65,15,0.812,65.4,5.7,13
2025-07-15,Cardiology,21,13,10,60,50,10,0.833,80.3,4.6,12
2025-07-15,Orthopedics,20,12,10,70,52,18,0.743,59.7,4.4,10
2025-07-15,Pediatrics,28,11,10,50,33,17,0.66,60.5,1.7,7
2025-07-16,Emergency,45,13,8,25,20,5,0.8,47.8,1.0,10
2025-07-16,General Medicine,50,30,24,120,98,22,0.817,84.7,3.6,15
2025-07-16,Surgery,24,15,17,80,67,13,0.838,64.8,5.4,12
2025-07-16,Cardiology,17,9,10,60,53,7,0.883,70.2,4.4,8
2025-07-16,Orthopedics,18,11,9,70,55,15,0.786,57.6,4.6,9
2025-07-16,Pediatrics,28,9,8,50,41,9,0.82,57.1,2.9,9
2025-07-17,Emergency,59,17,14,25,20,5,0.8,55.8,1.9,12
2025-07-17,General Medicine,37,26,21,120,87,33,0.725,63.9,4.5,20
2025-07-17,Surgery,25,16,16,80,72,8,0.9,61.1,5.4,10
2025-07-17,Cardiology,17,13,8,60,52,8,0.867,59.7,4.2,11
2025-07-17,Orthopedics,21,8,10,70,57,13,0.814,62.7,4.8,11
2025-07-17,Pediatrics,28,11,7,50,42,8,0.84,66.3,1.4,7
2025-07-18,Emergency,68,18,7,25,20,5,0.8,62.7,2.2,11
2025-07-18,General Medicine,38,25,22,120,88,32,0.733,52.9,4.0,17
2025-07-18,Surgery,21,15,12,80,67,13,0.838,78.0,4.9,13
2025-07-18,Cardiology,17,6,10,60,52,8,0.867,56.3,4.7,10
2025-07-18,Orthopedics,20,7,10,70,57,13,0.814,61.5,3.1,16
2025-07-18,Pediatrics,29,8,7,50,35,15,0.7,68.5,2.4,7
2025-07-19,Emergency,54,15,9,25,20,5,0.8,64.9,1.0,12
2025-07-19,General Medicine,32,19,18,120,97,23,0.808,48.1,5.1,17
2025-07-19,Surgery,22,18,12,80,71,9,0.887,64.8,4.9,8
2025-07-19,Cardiology,15,10,9,60,57,3,0.95,67.4,4.3,9
2025-07-19,Orthopedics,17,12,10,70,63,7,0.9,62.9,4.9,10
2025-07-19,Pediatrics,28,10,6,50,43,7,0.86,63.0,1.0,9
2025-07-20,Emergency,65,15,13,25,22,3,0.88,62.8,1.2,13
2025-07-20,General Medicine,32,18,18,120,99,21,0.825,61.0,4.6,19
2025-07-20,Surgery,23,20,16,80,69,11,0.863,76.9,5.2,18
2025-07-20,Cardiology,13,10,7,60,49,11,0.817,55.9,5.2,6
2025-07-20,Orthopedics,16,7,8,70,54,16,0.771,65.5,4.4,10
2025-07-20,Pediatrics,25,5,8,50,44,6,0.88,46.5,2.7,6
2025-07-21,Emergency,58,19,14,25,19,6,0.76,67.8,1.0,12
2025-07-21,General Medicine,41,27,21,120,99,21,0.825,70.4,4.5,14
2025-07-21,Surgery,18,12,10,80,70,10,0.875,62.8,4.7,17
2025-07-21,Cardiology,16,6,11,60,48,12,0.8,73.5,4.4,7
2025-07-21,Orthopedics,21,12,10,70,60,10,0.857,64.3,3.5,7
2025-07-21,Pediatrics,30,11,8,50,44,6,0.88,68.3,2.6,9
2025-07-22,Emergency,67,17,19,25,20,5,0.8,57.7,1.0,10
2025-07-22,General Medicine,45,31,26,120,91,29,0.758,74.9,4.2,17
2025-07-22,Surgery,20,14,12,80,60,20,0.75,66.9,5.8,12
2025-07-22,Cardiology,14,10,5,60,47,13,0.783,68.1,4.9,7
2025-07-22,Orthopedics,19,10,7,70,68,2,0.971,61.3,5.2,11
2025-07-22,Pediatrics,28,11,10,50,40,10,0.8,73.3,3.7,8
2025-07-23,Emergency,66,23,13,25,20,5,0.8,57.9,1.0,10
2025-07-23,General Medicine,41,27,20,120,103,17,0.858,57.7,5.0,19
2025-07-23,Surgery,23,13,14,80,64,16,0.8,69.3,5.1,11
2025-07-23,Cardiology,20,13,9,60,50,10,0.833,80.5,4.7,9
2025-07-23,Orthopedics,21,9,10,70,60,10,0.857,63.2,5.3,13
2025-07-23,Pediatrics,25,8,8,50,41,9,0.82,61.5,2.9,8
2025-07-24,Emergency,94,27,12,25,19,6,0.76,68.3,1.0,12
2025-07-24,General Medicine,42,26,22,120,90,30,0.75,60.5,4.8,19
2025-07-24,Surgery,30,25,19,80,62,18,0.775,68.1,5.6,11
2025-07-24,Cardiology,16,12,10,60,54,6,0.9,65.6,5.1,10
2025-07-24,Orthopedics,25,16,13,70,54,16,0.771,54.9,4.7,11
2025-07-24,Pediatrics,25,7,6,50,42,8,0.84,64.7,2.9,9
2025-07-25,Emergency,72,17,18,25,24,1,0.96,73.7,1.0,13
2025-07-25,General Medicine,33,17,15,120,111,9,0.925,57.9,4.0,19
2025-07-25,Surgery,26,19,15,80,70,10,0.875,67.3,5.4,14
2025-07-25,Cardiology,13,6,8,60,54,6,0.9,40.5,6.0,6
2025-07-25,Orthopedics,19,8,9,70,66,4,0.943,51.7,4.7,8
2025-07-25,Pediatrics,24,6,6,50,41,9,0.82,69.7,2.4,7
2025-07-26,Emergency,69,17,13,25,19,6,0.76,76.7,1.0,8
2025-07-26,General Medicine,39,30,19,120,103,17,0.858,65.1,4.5,19
2025-07-26,Surgery,19,15,12,80,62,18,0.775,58.5,6.3,16
2025-07-26,Cardiology,19,15,11,60,45,15,0.75,69.7,4.3,8
2025-07-26,Orthopedics,16,9,9,70,59,11,0.843,65.0,3.2,8
2025-07-26,Pediatrics,20,8,5,50,43,7,0.86,56.2,3.2,11
2025-07-27,Emergency,55,18,9,25,18,7,0.72,59.1,1.0,11
2025-07-27,General Medicine,33,21,19,120,117,3,0.975,49.9,4.3,17
2025-07-27,Surgery,26,18,13,80,63,17,0.787,69.2,4.5,15
2025-07-27,Cardiology,14,9,9,60,50,10,0.833,56.1,4.2,11
2025-07-27,Orthopedics,20,11,11,70,57,13,0.814,45.6,3.8,15
2025-07-27,Pediatrics,22,6,8,50,43,7,0.86,54.0,2.4,10
2025-07-28,Emergency,71,25,16,25,21,4,0.84,71.6,1.5,10
2025-07-28,General Medicine,45,33,23,120,98,22,0.817,58.3,3.5,15
2025-07-28,Surgery,22,17,13,80,67,13,0.838,58.6,6.0,12
2025-07-28,Cardiology,20,12,12,60,52,8,0.867,80.8,5.0,11
2025-07-28,Orthopedics,20,11,9,70,60,10,0.857,57.3,3.9,11
2025-07-28,Pediatrics,21,5,6,50,36,14,0.72,54.1,3.1,9
2025-07-29,Emergency,79,24,16,25,22,3,0.88,65.4,1.5,11
2025-07-29,General Medicine,36,20,19,120,106,14,0.883,63.8,3.1,18
2025-07-29,Surgery,27,21,16,80,77,3,0.963,70.4,5.3,13
2025-07-29,Cardiology,18,13,10,60,51,9,0.85,57.1,3.4,10
2025-07-29,Orthopedics,21,11,10,70,60,10,0.857,62.1,3.9,7
2025-07-29,Pediatrics,23,12,7,50,39,11,0.78,59.8,3.7,5
2025-07-30,Emergency,88,18,18,25,21,4,0.84,63.9,1.6,8
2025-07-30,General Medicine,38,26,20,120,117,3,0.975,66.4,4.9,20
2025-07-30,Surgery,19,14,13,80,73,7,0.912,57.9,4.5,15
2025-07-30,Cardiology,22,16,12,60,53,7,0.883,82.1,4.3,11
2025-07-30,Orthopedics,20,11,11,70,53,17,0.757,58.8,4.0,13
2025-07-30,Pediatrics,26,10,7,50,37,13,0.74,54.2,3.6,6
2025-07-31,Emergency,75,18,12,25,19,6,0.76,73.4,1.1,15
2025-07-31,General Medicine,37,24,21,120,85,35,0.708,60.9,4.6,15
2025-07-31,Surgery,20,15,12,80,74,6,0.925,67.7,5.6,13
2025-07-31,Cardiology,16,11,10,60,53,7,0.883,76.1,4.6,11
2025-07-31,Orthopedics,18,14,8,70,64,6,0.914,71.6,4.8,11
2025-07-31,Pediatrics,30,10,8,50,41,9,0.82,70.0,3.1,5
2025-08-01,Emergency,61,18,12,25,19,6,0.76,60.2,1.0,12
2025-08-01,General Medicine,41,28,24,120,116,4,0.967,65.7,4.8,18
2025-08-01,Surgery,25,17,14,80,53,27,0.662,55.8,4.5,14
2025-08-01,Cardiology,19,17,10,60,57,3,0.95,61.4,3.9,11
2025-08-01,Orthopedics,25,10,13,70,53,17,0.757,79.1,3.4,7
2025-08-01,Pediatrics,27,12,6,50,43,7,0.86,65.5,3.1,7
2025-08-02,Emergency,61,21,12,25,20,5,0.8,44.5,1.0,12
2025-08-02,General Medicine,34,27,19,120,105,15,0.875,46.1,3.6,16
2025-08-02,Surgery,21,9,12,80,60,20,0.75,49.5,6.1,15
2025-08-02,Cardiology,16,11,9,60,58,2,0.967,57.2,4.7,9
2025-08-02,Orthopedics,14,7,6,70,60,10,0.857,63.9,4.4,11
2025-08-02,Pediatrics,27,6,7,50,40,10,0.8,76.0,3.4,6
2025-08-03,Emergency,54,9,12,25,22,3,0.88,45.2,1.8,12
2025-08-03,General Medicine,42,30,22,120,112,8,0.933,54.0,4.3,20
2025-08-03,Surgery,24,16,14,80,62,18,0.775,54.7,5.6,17
2025-08-03,Cardiology,14,7,7,60,52,8,0.867,54.9,3.5,9
2025-08-03,Orthopedics,18,11,9,70,63,7,0.9,58.9,4.4,10
2025-08-03,Pediatrics,25,10,6,50,38,12,0.76,53.6,3.1,10
2025-08-04,Emergency,74,15,7,25,19,6,0.76,53.0,1.0,12
2025-08-04,General Medicine,41,26,22,120,103,17,0.858,65.0,4.3,18
2025-08-04,Surgery,25,16,15,80,75,5,0.938,71.9,4.5,15
2025-08-04,Cardiology,19,15,12,60,53,7,0.883,56.2,4.6,8
2025-08-04,Orthopedics,19,11,10,70,64,6,0.914,49.8,4.4,11
2025-08-04,Pediatrics,26,7,7,50,40,10,0.8,61.3,3.1,7
2025-08-05,Emergency,67,22,13,25,19,6,0.76,50.4,1.0,15
2025-08-05,General Medicine,36,24,19,120,103,17,0.858,63.2,3.5,14
2025-08-05,Surgery,24,19,14,80,75,5,0.938,61.9,4.7,14
2025-08-05,Cardiology,14,10,8,60,54,6,0.9,61.2,3.7,9
2025-08-05,Orthopedics,21,14,10,70,53,17,0.757,61.6,4.1,14
2025-08-05,Pediatrics,22,10,5,50,46,4,0.92,64.1,3.0,8
2025-08-06,Emergency,70,24,13,25,18,7,0.72,56.1,1.3,8
2025-08-06,General Medicine,47,26,24,120,92,28,0.767,72.4,4.4,18
2025-08-06,Surgery,20,17,12,80,64,16,0.8,53.2,5.9,14
2025-08-06,Cardiology,15,11,9,60,50,10,0.833,63.9,4.7,10
2025-08-06,Orthopedics,25,13,12,70,60,10,0.857,52.6,4.2,10
2025-08-06,Pediatrics,27,7,6,50,36,14,0.72,61.9,2.2,9
2025-08-07,Emergency,67,14,13,25,15,10,0.6,69.2,1.1,14
2025-08-07,General Medicine,29,15,15,120,109,11,0.908,73.5,4.4,18
2025-08-07,Surgery,20,12,11,80,63,17,0.787,65.1,4.1,15
2025-08-07,Cardiology,17,12,9,60,46,14,0.767,61.0,5.4,9
2025-08-07,Orthopedics,21,8,10,70,56,14,0.8,61.7,4.0,13
2025-08-07,Pediatrics,30,8,9,50,41,9,0.82,78.4,2.6,11
2025-08-08,Emergency,64,15,17,25,19,6,0.76,74.9,1.2,10
2025-08-08,General Medicine,43,28,23,120,99,21,0.825,78.8,4.1,16
2025-08-08,Surgery,27,19,15,80,62,18,0.775,74.4,4.8,13
2025-08-08,Cardiology,16,13,9,60,55,5,0.917,75.5,4.4,11
2025-08-08,Orthopedics,22,13,12,70,53,17,0.757,66.2,4.8,10
2025-08-08,Pediatrics,30,11,8,50,41,9,0.82,56.0,1.3,9
2025-08-09,Emergency,61,12,9,25,19,6,0.76,54.3,1.1,11
2025-08-09,General Medicine,41,26,21,120,93,27,0.775,71.6,4.5,19
2025-08-09,Surgery,20,17,13,80,62,18,0.775,60.1,5.3,14
2025-08-09,Cardiology,17,12,9,60,53,7,0.883,63.8,4.9,10
2025-08-09,Orthopedics,19,12,8,70,55,15,0.786,39.7,4.0,10
2025-08-09,Pediatrics,23,9,7,50,40,10,0.8,58.7,1.8,7
2025-08-10,Emergency,61,18,11,25,22,3,0.88,51.8,1.0,13
2025-08-10,General Medicine,42,30,21,120,112,8,0.933,70.8,5.1,16
2025-08-10,Surgery,17,12,11,80,62,18,0.775,60.8,4.2,11
2025-08-10,Cardiology,17,12,9,60,50,10,0.833,66.3,5.6,9
2025-08-10,Orthopedics,23,16,14,70,53,17,0.757,60.5,4.4,12
2025-08-10,Pediatrics,25,11,4,50,37,13,0.74,53.0,2.9,8
2025-08-11,Emergency,67,21,16,25,18,7,0.72,74.5,1.1,10
2025-08-11,General Medicine,41,33,24,120,114,6,0.95,67.9,5.6,19
2025-08-11,Surgery,26,16,15,80,78,2,0.975,67.2,5.7,15
2025-08-11,Cardiology,17,12,9,60,43,17,0.717,52.5,5.2,10
2025-08-11,Orthopedics,22,14,11,70,62,8,0.886,69.8,4.8,14
2025-08-11,Pediatrics,29,13,8,50,36,14,0.72,61.5,2.7,11
2025-08-12,Emergency,64,9,15,25,18,7,0.72,62.0,1.0,13
2025-08-12,General Medicine,35,24,19,120,98,22,0.817,65.0,4.9,18
2025-08-12,Surgery,26,21,16,80,70,10,0.875,63.6,5.7,16
2025-08-12,Cardiology,14,12,9,60,54,6,0.9,69.1,5.4,9
2025-08-12,Orthopedics,17,7,7,70,57,13,0.814,72.0,4.0,10
2025-08-12,Pediatrics,22,10,8,50,45,5,0.9,56.4,2.2,8
2025-08-13,Emergency,69,24,12,25,19,6,0.76,58.2,1.0,14
2025-08-13,General Medicine,39,27,19,120,101,19,0.842,76.5,3.9,14
2025-08-13,Surgery,25,19,15,80,75,5,0.938,52.8,5.0,18
2025-08-13,Cardiology,17,10,9,60,56,4,0.933,60.1,4.5,9
2025-08-13,Orthopedics,17,14,7,70,58,12,0.829,69.4,3.8,11
2025-08-13,Pediatrics,27,17,8,50,37,13,0.74,56.9,3.5,10
2025-08-14,Emergency,64,19,16,25,21,4,0.84,69.3,1.0,10
2025-08-14,General Medicine,35,22,17,120,90,30,0.75,63.1,4.2,16
2025-08-14,Surgery,18,10,10,80,63,17,0.787,58.9,4.7,16
2025-08-14,Cardiology,14,9,9,60,47,13,0.783,50.9,5.3,9
2025-08-14,Orthopedics,20,14,9,70,55,15,0.786,59.9,4.5,11
2025-08-14,Pediatrics,29,7,9,50,37,13,0.74,79.1,2.5,6
2025-08-15,Emergency,71,17,12,25,19,6,0.76,61.0,1.0,14
2025-08-15,General Medicine,47,31,30,120,105,15,0.875,61.2,3.9,19
2025-08-15,Surgery,22,16,11,80,72,8,0.9,74.3,6.0,15
2025-08-15,Cardiology,14,10,6,60,49,11,0.817,63.7,4.5,9
2025-08-15,Orthopedics,23,11,12,70,55,15,0.786,55.2,5.0,11
2025-08-15,Pediatrics,32,8,9,50,35,15,0.7,71.1,4.0,7
2025-08-16,Emergency,57,24,9,25,19,6,0.76,57.1,1.5,12
2025-08-16,General Medicine,30,19,18,120,108,12,0.9,66.8,5.0,18
2025-08-16,Surgery,21,16,13,80,73,7,0.912,65.7,5.1,11
2025-08-16,Cardiology,14,10,8,60,50,10,0.833,52.6,4.5,7
2025-08-16,Orthopedics,17,11,8,70,68,2,0.971,65.3,4.6,9
2025-08-16,Pediatrics,24,9,6,50,45,5,0.9,59.7,2.5,10
2025-08-17,Emergency,66,15,12,25,19,6,0.76,58.0,1.2,13
2025-08-17,General Medicine,35,26,20,120,112,8,0.933,65.2,4.5,17
2025-08-17,Surgery,21,11,13,80,63,17,0.787,69.5,5.4,17
2025-08-17,Cardiology,15,11,7,60,53,7,0.883,67.6,4.6,10
2025-08-17,Orthopedics,21,6,12,70,49,21,0.7,56.1,4.9,11
2025-08-17,Pediatrics,28,12,6,50,36,14,0.72,64.6,2.4,9
2025-08-18,Emergency,62,18,9,25,22,3,0.88,53.9,1.0,11
2025-08-18,General Medicine,37,20,20,120,94,26,0.783,65.6,4.0,21
2025-08-18,Surgery,26,17,16,80,54,26,0.675,59.1,4.4,14
2025-08-18,Cardiology,17,13,10,60,53,7,0.883,60.7,3.8,9
2025-08-18,Orthopedics,21,15,12,70,58,12,0.829,55.2,4.5,9
2025-08-18,Pediatrics,23,8,6,50,42,8,0.84,58.2,2.1,7
2025-08-19,Emergency,83,34,18,25,21,4,0.84,71.3,1.1,13
2025-08-19,General Medicine,38,21,22,120,93,27,0.775,58.2,3.3,22
2025-08-19,Surgery,25,21,13,80,64,16,0.8,52.5,4.6,14
2025-08-19,Cardiology,16,8,10,60,43,17,0.717,60.8,4.2,10
2025-08-19,Orthopedics,23,14,9,70,61,9,0.871,61.0,4.4,10
2025-08-19,Pediatrics,29,7,6,50,42,8,0.84,59.9,3.3,9
2025-08-20,Emergency,78,21,14,25,21,4,0.84,63.1,1.0,12
2025-08-20,General Medicine,35,20,19,120,110,10,0.917,46.8,4.1,17
2025-08-20,Surgery,24,18,16,80,68,12,0.85,48.5,5.9,12
2025-08-20,Cardiology,18,12,10,60,52,8,0.867,61.5,4.0,10
2025-08-20,Orthopedics,16,7,9,70,64,6,0.914,56.7,4.1,9
2025-08-20,Pediatrics,24,7,6,50,44,6,0.88,68.0,2.8,12
2025-08-21,Emergency,67,15,17,25,20,5,0.8,63.5,1.0,14
2025-08-21,General Medicine,41,27,22,120,98,22,0.817,71.2,3.1,15
2025-08-21,Surgery,25,20,14,80,66,14,0.825,65.3,5.5,16
2025-08-21,Cardiology,15,12,8,60,50,10,0.833,58.4,5.4,13
2025-08-21,Orthopedics,22,14,13,70,56,14,0.8,61.8,4.4,13
2025-08-21,Pediatrics,24,11,6,50,43,7,0.86,72.0,1.9,7
2025-08-22,Emergency,75,24,13,25,19,6,0.76,51.2,1.0,11
2025-08-22,General Medicine,34,20,20,120,110,10,0.917,60.2,4.9,19
2025-08-22,Surgery,21,15,10,80,67,13,0.838,64.5,6.6,12
2025-08-22,Cardiology,14,12,7,60,50,10,0.833,54.1,5.1,12
2025-08-22,Orthopedics,21,11,11,70,57,13,0.814,53.7,4.1,11
2025-08-22,Pediatrics,24,8,5,50,41,9,0.82,55.4,1.8,10
2025-08-23,Emergency,54,14,9,25,21,4,0.84,76.5,1.0,9
2025-08-23,General Medicine,39,23,22,120,85,35,0.708,70.0,5.0,17
2025-08-23,Surgery,23,20,15,80,67,13,0.838,83.1,5.0,12
2025-08-23,Cardiology,15,11,9,60,51,9,0.85,58.6,5.3,13
2025-08-23,Orthopedics,12,6,6,70,50,20,0.714,62.3,5.0,10
2025-08-23,Pediatrics,21,8,5,50,43,7,0.86,54.8,3.0,7
2025-08-24,Emergency,63,16,15,25,21,4,0.84,51.0,1.0,12
2025-08-24,General Medicine,32,20,12,120,98,22,0.817,54.7,4.5,15
2025-08-24,Surgery,20,15,13,80,68,12,0.85,54.4,5.6,11
2025-08-24,Cardiology,14,6,6,60,50,10,0.833,62.3,5.5,11
2025-08-24,Orthopedics,18,8,10,70,50,20,0.714,68.2,5.0,15
2025-08-24,Pediatrics,27,6,7,50,38,12,0.76,74.5,2.7,8
2025-08-25,Emergency,61,22,13,25,18,7,0.72,71.0,1.7,10
2025-08-25,General Medicine,46,31,27,120,103,17,0.858,66.8,4.3,15
2025-08-25,Surgery,25,16,14,80,65,15,0.812,63.1,5.2,13
2025-08-25,Cardiology,16,11,9,60,52,8,0.867,60.4,6.3,9
2025-08-25,Orthopedics,19,7,9,70,49,21,0.7,70.4,4.6,11
2025-08-25,Pediatrics,25,13,5,50,43,7,0.86,56.4,3.7,10
2025-08-26,Emergency,57,18,8,25,19,6,0.76,49.0,1.0,12
2025-08-26,General Medicine,32,19,18,120,98,22,0.817,62.1,4.6,18
2025-08-26,Surgery,20,16,11,80,75,5,0.938,61.0,5.5,12
2025-08-26,Cardiology,14,9,6,60,55,5,0.917,59.4,5.1,9
2025-08-26,Orthopedics,22,14,11,70,60,10,0.857,49.0,4.6,9
2025-08-26,Pediatrics,24,8,7,50,38,12,0.76,71.4,2.5,9
2025-08-27,Emergency,59,20,12,25,18,7,0.72,53.6,1.0,9
2025-08-27,General Medicine,40,24,21,120,101,19,0.842,61.6,5.1,18
2025-08-27,Surgery,24,17,12,80,53,27,0.662,58.5,5.6,12
2025-08-27,Cardiology,17,13,9,60,52,8,0.867,65.2,5.3,10
2025-08-27,Orthopedics,19,10,10,70,58,12,0.829,52.6,4.7,9
2025-08-27,Pediatrics,18,5,6,50,42,8,0.84,60.5,2.9,7
2025-08-28,Emergency,63,25,16,25,18,7,0.72,60.1,2.0,11
2025-08-28,General Medicine,37,23,22,120,106,14,0.883,52.1,4.6,19
2025-08-28,Surgery,17,14,9,80,72,8,0.9,54.5,5.7,14
2025-08-28,Cardiology,15,14,8,60,52,8,0.867,61.7,4.1,12
2025-08-28,Orthopedics,20,16,10,70,57,13,0.814,70.5,3.9,9
2025-08-28,Pediatrics,18,5,4,50,41,9,0.82,52.6,2.2,7
2025-08-29,Emergency,64,18,11,25,22,3,0.88,68.5,1.0,14
2025-08-29,General Medicine,44,30,21,120,97,23,0.808,55.9,4.2,17
2025-08-29,Surgery,23,18,14,80,69,11,0.863,62.2,4.9,11
2025-08-29,Cardiology,17,13,10,60,48,12,0.8,60.8,5.1,14
2025-08-29,Orthopedics,21,10,11,70,52,18,0.743,76.1,4.0,12
2025-08-29,Pediatrics,30,10,9,50,41,9,0.82,66.3,3.9,6
2025-08-30,Emergency,53,8,15,25,19,6,0.76,59.4,1.0,10
2025-08-30,General Medicine,32,22,17,120,103,17,0.858,51.3,5.3,19
2025-08-30,Surgery,19,16,11,80,72,8,0.9,59.4,4.8,12
2025-08-30,Cardiology,15,9,7,60,53,7,0.883,64.6,4.1,9
2025-08-30,Orthopedics,20,10,9,70,66,4,0.943,65.8,4.7,11
2025-08-30,Pediatrics,26,7,8,50,42,8,0.84,65.9,3.6,7
2025-08-31,Emergency,60,17,12,25,20,5,0.8,61.4,1.0,10
2025-08-31,General Medicine,33,21,18,120,95,25,0.792,58.8,4.9,19
2025-08-31,Surgery,18,15,9,80,72,8,0.9,62.3,4.4,17
2025-08-31,Cardiology,13,12,7,60,50,10,0.833,73.9,6.0,13
2025-08-31,Orthopedics,17,10,7,70,63,7,0.9,57.2,5.5,8
2025-08-31,Pediatrics,22,4,7,50,37,13,0.74,53.0,3.0,10
2025-09-01,Emergency,71,22,10,25,19,6,0.76,56.0,1.0,9
2025-09-01,General Medicine,39,23,23,120,97,23,0.808,63.5,4.5,16
2025-09-01,Surgery,20,13,12,80,65,15,0.812,71.2,4.9,16
2025-09-01,Cardiology,18,7,11,60,45,15,0.75,50.9,4.5,8
2025-09-01,Orthopedics,21,12,11,70,56,14,0.8,57.3,3.1,10
2025-09-01,Pediatrics,27,4,6,50,44,6,0.88,65.8,3.2,6
2025-09-02,Emergency,78,21,20,25,21,4,0.84,62.1,1.0,14
2025-09-02,General Medicine,39,30,19,120,111,9,0.925,57.4,5.1,16
2025-09-02,Surgery,20,13,12,80,64,16,0.8,72.7,5.3,11
2025-09-02,Cardiology,16,13,9,60,49,11,0.817,77.1,5.7,11
2025-09-02,Orthopedics,23,11,12,70,53,17,0.757,68.7,4.2,8
2025-09-02,Pediatrics,28,11,7,50,42,8,0.84,60.7,1.6,8
2025-09-03,Emergency,65,20,11,25,18,7,0.72,63.4,1.3,13
2025-09-03,General Medicine,38,29,19,120,106,14,0.883,64.8,4.8,18
2025-09-03,Surgery,17,14,10,80,74,6,0.925,46.8,4.9,12
2025-09-03,Cardiology,13,9,7,60,51,9,0.85,61.4,5.3,13
2025-09-03,Orthopedics,16,6,8,70,55,15,0.786,57.8,3.8,12
2025-09-03,Pediatrics,24,6,7,50,43,7,0.86,65.8,3.4,8
2025-09-04,Emergency,62,14,9,25,18,7,0.72,76.4,1.6,13
2025-09-04,General Medicine,48,26,28,120,93,27,0.775,56.8,5.0,21
2025-09-04,Surgery,21,15,11,80,62,18,0.775,59.3,5.2,14
2025-09-04,Cardiology,20,11,11,60,48,12,0.8,62.6,5.6,10
2025-09-04,Orthopedics,14,9,6,70,61,9,0.871,53.4,4.1,12
2025-09-04,Pediatrics,31,10,8,50,38,12,0.76,67.9,2.6,9
2025-09-05,Emergency,71,17,15,25,19,6,0.76,47.7,1.0,13
2025-09-05,General Medicine,30,24,17,120,106,14,0.883,37.5,4.6,15
2025-09-05,Surgery,23,13,12,80,69,11,0.863,57.8,5.2,13
2025-09-05,Cardiology,15,12,7,60,47,13,0.783,47.0,5.4,7
2025-09-05,Orthopedics,19,12,10,70,61,9,0.871,58.7,3.3,15
2025-09-05,Pediatrics,24,7,5,50,40,10,0.8,55.3,2.5,6
2025-09-06,Emergency,61,16,15,25,21,4,0.84,56.6,1.0,16
2025-09-06,General Medicine,31,15,15,120,81,39,0.675,63.8,5.4,18
2025-09-06,Surgery,17,12,9,80,74,6,0.925,66.3,5.0,15
2025-09-06,Cardiology,18,11,9,60,45,15,0.75,66.8,5.2,11
2025-09-06,Orthopedics,16,11,11,70,58,12,0.829,54.5,4.3,10
2025-09-06,Pediatrics,24,8,8,50,38,12,0.76,60.0,3.4,8
2025-09-07,Emergency,58,10,13,25,22,3,0.88,75.5,1.1,13
2025-09-07,General Medicine,34,17,20,120,99,21,0.825,70.8,5.4,14
2025-09-07,Surgery,20,12,11,80,65,15,0.812,49.8,5.1,15
2025-09-07,Cardiology,13,9,5,60,55,5,0.917,63.6,5.6,9
2025-09-07,Orthopedics,13,6,7,70,59,11,0.843,70.6,3.6,9
2025-09-07,Pediatrics,20,6,6,50,36,14,0.72,60.5,3.5,8
2025-09-08,Emergency,55,15,13,25,19,6,0.76,65.7,1.0,9
2025-09-08,General Medicine,41,29,25,120,107,13,0.892,64.6,4.2,19
2025-09-08,Surgery,24,19,13,80,64,16,0.8,64.4,5.1,15
2025-09-08,Cardiology,16,14,9,60,52,8,0.867,69.9,5.2,9
2025-09-08,Orthopedics,21,12,11,70,59,11,0.843,53.8,5.0,12
2025-09-08,Pediatrics,28,10,8,50,41,9,0.82,64.5,3.4,9
2025-09-09,Emergency,69,20,14,25,19,6,0.76,59.2,1.0,9
2025-09-09,General Medicine,33,25,15,120,103,17,0.858,58.5,3.1,21
2025-09-09,Surgery,25,18,15,80,70,10,0.875,66.1,5.0,16
2025-09-09,Cardiology,14,9,8,60,50,10,0.833,63.6,4.7,11
2025-09-09,Orthopedics,20,12,9,70,62,8,0.886,57.9,3.7,9
2025-09-09,Pediatrics,25,9,7,50,44,6,0.88,79.3,3.0,10
2025-09-10,Emergency,76,18,14,25,21,4,0.84,65.8,1.5,12
2025-09-10,General Medicine,42,22,24,120,94,26,0.783,60.7,5.6,17
2025-09-10,Surgery,23,16,13,80,61,19,0.762,60.2,4.6,13
2025-09-10,Cardiology,16,11,8,60,48,12,0.8,55.0,5.2,8
2025-09-10,Orthopedics,22,13,12,70,56,14,0.8,60.2,3.7,11
2025-09-10,Pediatrics,31,11,6,50,42,8,0.84,51.2,2.6,9
2025-09-11,Emergency,68,14,11,25,22,3,0.88,67.6,1.2,9
2025-09-11,General Medicine,39,26,19,120,96,24,0.8,61.8,4.7,16
2025-09-11,Surgery,23,15,14,80,63,17,0.787,70.4,4.5,12
2025-09-11,Cardiology,16,10,8,60,47,13,0.783,63.6,4.6,9
2025-09-11,Orthopedics,16,9,7,70,59,11,0.843,74.8,3.0,8
2025-09-11,Pediatrics,24,10,7,50,39,11,0.78,74.1,2.6,5
2025-09-12,Emergency,67,19,13,25,19,6,0.76,67.5,1.0,11
2025-09-12,General Medicine,45,26,29,120,100,20,0.833,67.9,3.9,16
2025-09-12,Surgery,22,16,12,80,68,12,0.85,73.1,5.3,15
2025-09-12,Cardiology,15,8,8,60,46,14,0.767,65.7,4.8,8
2025-09-12,Orthopedics,22,10,10,70,53,17,0.757,49.8,4.1,12
2025-09-12,Pediatrics,23,9,5,50,40,10,0.8,57.1,2.7,7
2025-09-13,Emergency,64,15,13,25,21,4,0.84,69.6,1.0,14
2025-09-13,General Medicine,35,23,17,120,98,22,0.817,75.1,3.7,16
2025-09-13,Surgery,18,15,9,80,67,13,0.838,58.6,5.6,12
2025-09-13,Cardiology,16,10,8,60,52,8,0.867,63.5,4.5,8
2025-09-13,Orthopedics,18,9,8,70,59,11,0.843,45.9,3.8,14
2025-09-13,Pediatrics,23,5,7,50,36,14,0.72,66.3,3.1,9
2025-09-14,Emergency,59,15,14,25,20,5,0.8,48.2,1.0,10
2025-09-14,General Medicine,30,23,18,120,92,28,0.767,60.0,5.2,18
2025-09-14,Surgery,24,17,16,80,58,22,0.725,65.2,4.4,13
2025-09-14,Cardiology,14,12,10,60,51,9,0.85,49.3,4.9,11
2025-09-14,Orthopedics,15,8,9,70,66,4,0.943,53.4,4.2,9
2025-09-14,Pediatrics,19,10,4,50,39,11,0.78,51.0,3.5,9
2025-09-15,Emergency,80,27,13,25,19,6,0.76,53.6,1.4,11
2025-09-15,General Medicine,37,23,19,120,87,33,0.725,77.6,3.7,18
2025-09-15,Surgery,22,13,10,80,70,10,0.875,59.4,4.6,12
2025-09-15,Cardiology,13,9,6,60,54,6,0.9,47.3,5.0,9
2025-09-15,Orthopedics,19,8,11,70,54,16,0.771,80.0,4.7,11
2025-09-15,Pediatrics,25,10,7,50,39,11,0.78,75.9,1.7,7
2025-09-16,Emergency,57,17,12,25,18,7,0.72,54.5,1.0,9
2025-09-16,General Medicine,35,29,19,120,100,20,0.833,43.9,4.0,15
2025-09-16,Surgery,24,19,14,80,64,16,0.8,63.6,5.5,13
2025-09-16,Cardiology,17,10,10,60,54,6,0.9,58.6,4.3,7
2025-09-16,Orthopedics,20,12,8,70,58,12,0.829,65.5,4.5,11
2025-09-16,Pediatrics,19,8,4,50,41,9,0.82,60.9,3.0,8
2025-09-17,Emergency,78,26,8,25,21,4,0.84,60.9,1.3,12
2025-09-17,General Medicine,36,21,17,120,109,11,0.908,56.4,5.1,21
2025-09-17,Surgery,25,20,15,80,63,17,0.787,63.4,4.3,15
2025-09-17,Cardiology,15,13,6,60,52,8,0.867,56.9,5.4,9
2025-09-17,Orthopedics,17,8,9,70,57,13,0.814,62.4,3.5,12
2025-09-17,Pediatrics,28,7,8,50,39,11,0.78,51.7,2.3,11
2025-09-18,Emergency,79,19,12,25,18,7,0.72,69.8,1.0,13
2025-09-18,General Medicine,35,22,21,120,106,14,0.883,61.6,5.0,19
2025-09-18,Surgery,22,16,12,80,67,13,0.838,64.4,4.8,10
2025-09-18,Cardiology,15,8,8,60,53,7,0.883,63.1,4.5,11
2025-09-18,Orthopedics,17,7,8,70,50,20,0.714,48.5,4.0,7
2025-09-18,Pediatrics,23,10,5,50,39,11,0.78,68.4,3.4,8
2025-09-19,Emergency,73,21,10,25,21,4,0.84,65.8,1.0,10
2025-09-19,General Medicine,44,31,24,120,99,21,0.825,76.1,4.9,16
2025-09-19,Surgery,22,19,12,80,74,6,0.925,49.2,3.9,16
2025-09-19,Cardiology,13,9,7,60,51,9,0.85,65.4,5.7,10
2025-09-19,Orthopedics,19,6,7,70,52,18,0.743,65.9,4.0,10
2025-09-19,Pediatrics,22,3,7,50,38,12,0.76,48.9,1.4,6
2025-09-20,Emergency,49,9,10,25,19,6,0.76,46.8,1.0,11
2025-09-20,General Medicine,32,20,15,120,98,22,0.817,48.6,5.1,18
2025-09-20,Surgery,18,13,10,80,65,15,0.812,61.8,5.0,13
2025-09-20,Cardiology,14,10,7,60,52,8,0.867,69.4,3.5,7
2025-09-20,Orthopedics,16,6,8,70,62,8,0.886,69.6,4.5,12
2025-09-20,Pediatrics,28,11,7,50,31,19,0.62,77.6,3.3,13
2025-09-21,Emergency,69,21,19,25,20,5,0.8,81.1,1.0,15
2025-09-21,General Medicine,42,21,25,120,90,30,0.75,52.0,4.1,19
2025-09-21,Surgery,24,18,15,80,67,13,0.838,72.5,5.5,13
2025-09-21,Cardiology,14,13,8,60,51,9,0.85,56.6,4.8,10
2025-09-21,Orthopedics,19,11,9,70,60,10,0.857,61.0,4.3,11
2025-09-21,Pediatrics,26,7,7,50,41,9,0.82,63.9,3.4,7
2025-09-22,Emergency,62,20,12,25,20,5,0.8,52.9,1.0,10
2025-09-22,General Medicine,42,27,24,120,94,26,0.783,64.5,3.6,18
2025-09-22,Surgery,19,12,11,80,66,14,0.825,58.4,5.4,11
2025-09-22,Cardiology,14,12,9,60,57,3,0.95,58.7,4.4,8
2025-09-22,Orthopedics,18,11,8,70,59,11,0.843,60.6,4.6,12
2025-09-22,Pediatrics,24,11,7,50,40,10,0.8,60.5,3.6,11
2025-09-23,Emergency,65,27,10,25,22,3,0.88,69.5,1.0,10
2025-09-23,General Medicine,34,22,17,120,108,12,0.9,56.9,4.4,15
2025-09-23,Surgery,22,19,12,80,65,15,0.812,62.4,6.1,15
2025-09-23,Cardiology,16,9,7,60,52,8,0.867,67.7,5.7,6
2025-09-23,Orthopedics,21,6,11,70,52,18,0.743,56.9,4.6,9
2025-09-23,Pediatrics,25,10,7,50,38,12,0.76,56.1,3.6,10
2025-09-24,Emergency,68,24,15,25,22,3,0.88,62.1,1.0,10
2025-09-24,General Medicine,33,25,16,120,96,24,0.8,56.4,3.6,19
2025-09-24,Surgery,22,15,11,80,67,13,0.838,62.0,6.1,10
2025-09-24,Cardiology,16,13,7,60,51,9,0.85,58.6,4.2,9
2025-09-24,Orthopedics,23,8,10,70,56,14,0.8,76.0,3.8,11
2025-09-24,Pediatrics,19,5,5,50,37,13,0.74,56.9,2.6,12
2025-09-25,Emergency,58,13,11,25,20,5,0.8,60.8,1.0,10
2025-09-25,General Medicine,38,25,22,120,93,27,0.775,54.7,4.9,17
2025-09-25,Surgery,24,15,15,80,70,10,0.875,52.9,6.1,13
2025-09-25,Cardiology,18,10,9,60,47,13,0.783,63.8,3.5,10
2025-09-25,Orthopedics,20,11,10,70,67,3,0.957,59.5,4.0,10
2025-09-25,Pediatrics,25,4,8,50,41,9,0.82,54.6,3.2,9
2025-09-26,Emergency,70,20,13,25,21,4,0.84,76.7,1.0,10
2025-09-26,General Medicine,39,22,23,120,83,37,0.692,66.0,4.3,19
2025-09-26,Surgery,25,18,15,80,71,9,0.887,70.0,5.4,14
2025-09-26,Cardiology,13,11,7,60,49,11,0.817,56.1,4.0,10
2025-09-26,Orthopedics,20,12,11,70,59,11,0.843,64.9,4.5,9
2025-09-26,Pediatrics,23,11,8,50,39,11,0.78,55.5,2.8,8
2025-09-27,Emergency,62,12,11,25,21,4,0.84,41.7,1.0,12
2025-09-27,General Medicine,40,27,19,120,105,15,0.875,51.1,5.0,19
2025-09-27,Surgery,20,16,13,80,76,4,0.95,63.1,5.3,14
2025-09-27,Cardiology,15,11,7,60,48,12,0.8,53.8,4.7,10
2025-09-27,Orthopedics,18,12,8,70,63,7,0.9,58.5,4.7,10
2025-09-27,Pediatrics,15,6,4,50,40,10,0.8,73.1,3.7,5
2025-09-28,Emergency,63,21,12,25,20,5,0.8,64.6,1.0,13
2025-09-28,General Medicine,35,24,18,120,93,27,0.775,56.7,3.4,20
2025-09-28,Surgery,23,14,13,80,69,11,0.863,51.2,4.7,15
2025-09-28,Cardiology,15,12,6,60,49,11,0.817,63.2,4.5,7
2025-09-28,Orthopedics,15,7,9,70,51,19,0.729,62.2,4.2,13
2025-09-28,Pediatrics,21,12,7,50,33,17,0.66,72.8,3.1,9
2025-09-29,Emergency,67,22,13,25,20,5,0.8,51.3,1.0,9
2025-09-29,General Medicine,43,32,27,120,107,13,0.892,50.5,4.8,16
2025-09-29,Surgery,21,14,11,80,70,10,0.875,62.2,4.4,10
2025-09-29,Cardiology,17,8,11,60,51,9,0.85,66.4,5.4,11
2025-09-29,Orthopedics,17,8,7,70,60,10,0.857,46.3,4.6,9
2025-09-29,Pediatrics,21,8,6,50,38,12,0.76,50.5,2.5,8
2025-09-30,Emergency,58,17,15,25,22,3,0.88,51.4,1.4,14
2025-09-30,General Medicine,39,27,19,120,101,19,0.842,60.3,3.8,13
2025-09-30,Surgery,19,15,12,80,69,11,0.863,57.0,4.0,15
2025-09-30,Cardiology,16,11,11,60,58,2,0.967,64.3,4.0,11
2025-09-30,Orthopedics,19,10,9,70,57,13,0.814,70.3,4.5,9
2025-09-30,Pediatrics,28,5,8,50,38,12,0.76,66.4,1.0,8
2025-10-01,Emergency,73,17,13,25,21,4,0.84,59.2,1.0,13
2025-10-01,General Medicine,34,24,18,120,100,20,0.833,56.3,4.3,19
2025-10-01,Surgery,17,13,11,80,62,18,0.775,73.5,5.2,12
2025-10-01,Cardiology,17,11,10,60,54,6,0.9,63.2,5.2,11
2025-10-01,Orthopedics,21,12,12,70,57,13,0.814,71.8,3.9,9
2025-10-01,Pediatrics,30,16,8,50,44,6,0.88,44.3,4.4,12
2025-10-02,Emergency,65,8,13,25,18,7,0.72,67.6,1.0,8
2025-10-02,General Medicine,39,22,20,120,98,22,0.817,72.7,4.3,18
2025-10-02,Surgery,26,17,15,80,66,14,0.825,69.8,5.1,12
2025-10-02,Cardiology,15,8,9,60,46,14,0.767,67.1,4.6,11
2025-10-02,Orthopedics,13,9,6,70,54,16,0.771,52.6,3.9,9
2025-10-02,Pediatrics,29,11,8,50,41,9,0.82,72.2,3.5,11
2025-10-03,Emergency,82,17,14,25,20,5,0.8,70.8,1.3,10
2025-10-03,General Medicine,41,34,23,120,117,3,0.975,64.6,4.8,16
2025-10-03,Surgery,28,23,16,80,66,14,0.825,62.9,4.7,12
2025-10-03,Cardiology,19,13,9,60,53,7,0.883,73.5,5.5,13
2025-10-03,Orthopedics,15,9,6,70,55,15,0.786,50.2,4.3,12
2025-10-03,Pediatrics,19,5,5,50,39,11,0.78,49.5,2.5,6
2025-10-04,Emergency,59,14,8,25,19,6,0.76,58.6,1.0,11
2025-10-04,General Medicine,37,21,19,120,106,14,0.883,65.9,4.5,16
2025-10-04,Surgery,21,14,13,80,71,9,0.887,62.2,5.4,14
2025-10-04,Cardiology,12,11,8,60,52,8,0.867,63.7,4.3,9
2025-10-04,Orthopedics,18,8,9,70,52,18,0.743,72.7,4.2,15
2025-10-04,Pediatrics,24,4,7,50,39,11,0.78,58.0,2.5,9
2025-10-05,Emergency,61,20,10,25,22,3,0.88,45.1,1.1,14
2025-10-05,General Medicine,36,23,17,120,106,14,0.883,73.5,4.5,19
2025-10-05,Surgery,18,14,11,80,72,8,0.9,67.3,5.2,12
2025-10-05,Cardiology,16,11,8,60,46,14,0.767,72.8,4.3,6
2025-10-05,Orthopedics,18,11,9,70,62,8,0.886,59.6,6.1,10
2025-10-05,Pediatrics,22,12,5,50,37,13,0.74,49.3,2.7,8
2025-10-06,Emergency,74,28,17,25,19,6,0.76,71.0,1.0,9
2025-10-06,General Medicine,38,27,22,120,105,15,0.875,44.0,4.0,16
2025-10-06,Surgery,22,20,12,80,66,14,0.825,61.4,4.9,13
2025-10-06,Cardiology,15,11,9,60,52,8,0.867,66.2,4.3,13
2025-10-06,Orthopedics,19,11,11,70,65,5,0.929,59.7,3.9,11
2025-10-06,Pediatrics,28,9,8,50,41,9,0.82,69.9,2.7,8
2025-10-07,Emergency,58,16,10,25,21,4,0.84,60.2,1.7,11
2025-10-07,General Medicine,37,25,17,120,89,31,0.742,53.0,4.4,20
2025-10-07,Surgery,23,20,13,80,76,4,0.95,62.9,5.4,11
2025-10-07,Cardiology,17,12,9,60,54,6,0.9,50.5,4.5,8
2025-10-07,Orthopedics,15,8,6,70,63,7,0.9,74.5,3.4,13
2025-10-07,Pediatrics,26,12,7,50,39,11,0.78,51.5,4.8,8
2025-10-08,Emergency,64,20,13,25,20,5,0.8,56.3,1.0,14
2025-10-08,General Medicine,39,26,22,120,110,10,0.917,64.4,3.7,15
2025-10-08,Surgery,22,18,13,80,68,12,0.85,50.5,5.2,12
2025-10-08,Cardiology,18,13,10,60,48,12,0.8,66.4,4.9,12
2025-10-08,Orthopedics,22,9,11,70,55,15,0.786,63.3,4.7,9
2025-10-08,Pediatrics,26,10,8,50,46,4,0.92,64.6,3.5,8
2025-10-09,Emergency,77,22,19,25,19,6,0.76,69.5,1.6,10
2025-10-09,General Medicine,42,29,23,120,107,13,0.892,62.7,5.3,12
2025-10-09,Surgery,19,13,10,80,64,16,0.8,64.8,5.7,17
2025-10-09,Cardiology,15,11,7,60,54,6,0.9,72.8,5.7,10
2025-10-09,Orthopedics,21,10,12,70,61,9,0.871,61.4,4.9,11
2025-10-09,Pediatrics,20,7,6,50,45,5,0.9,51.7,3.6,8
2025-10-10,Emergency,77,18,19,25,19,6,0.76,74.3,1.0,12
2025-10-10,General Medicine,32,20,17,120,92,28,0.767,73.1,5.1,17
2025-10-10,Surgery,23,19,13,80,66,14,0.825,74.8,5.2,16
2025-10-10,Cardiology,16,13,9,60,56,4,0.933,57.0,4.7,10
2025-10-10,Orthopedics,18,8,9,70,53,17,0.757,65.8,3.8,10
2025-10-10,Pediatrics,21,8,5,50,47,3,0.94,70.4,2.8,10
2025-10-11,Emergency,48,11,15,25,19,6,0.76,52.9,1.0,10
2025-10-11,General Medicine,35,26,15,120,98,22,0.817,53.0,4.0,18
2025-10-11,Surgery,17,10,9,80,68,12,0.85,67.5,5.7,14
2025-10-11,Cardiology,15,14,10,60,51,9,0.85,68.9,4.9,11
2025-10-11,Orthopedics,17,12,10,70,53,17,0.757,42.2,3.6,11
2025-10-11,Pediatrics,23,8,5,50,45,5,0.9,58.8,4.3,9
2025-10-12,Emergency,68,12,14,25,21,4,0.84,61.9,1.0,7
2025-10-12,General Medicine,33,21,19,120,104,16,0.867,66.5,5.2,17
2025-10-12,Surgery,20,15,12,80,71,9,0.887,67.8,4.7,14
2025-10-12,Cardiology,14,10,8,60,56,4,0.933,69.3,5.1,9
2025-10-12,Orthopedics,15,9,7,70,51,19,0.729,62.5,4.5,12
2025-10-12,Pediatrics,23,6,2,50,36,14,0.72,78.3,1.6,7
2025-10-13,Emergency,67,17,12,25,19,6,0.76,50.7,1.0,9
2025-10-13,General Medicine,42,25,26,120,108,12,0.9,42.6,4.3,20
2025-10-13,Surgery,21,16,14,80,65,15,0.812,66.1,4.5,12
2025-10-13,Cardiology,13,9,6,60,53,7,0.883,64.5,3.8,13
2025-10-13,Orthopedics,21,10,11,70,57,13,0.814,52.9,4.2,13
2025-10-13,Pediatrics,27,12,10,50,42,8,0.84,50.9,3.0,7
2025-10-14,Emergency,60,13,17,25,18,7,0.72,58.3,1.0,9
2025-10-14,General Medicine,41,26,24,120,97,23,0.808,68.8,3.9,22
2025-10-14,Surgery,25,18,14,80,69,11,0.863,69.3,4.7,13
2025-10-14,Cardiology,16,13,8,60,51,9,0.85,61.8,4.7,9
2025-10-14,Orthopedics,21,12,11,70,56,14,0.8,64.1,4.1,10
2025-10-14,Pediatrics,30,11,9,50,38,12,0.76,64.3,2.4,11
2025-10-15,Emergency,68,21,19,25,21,4,0.84,87.7,1.0,11
2025-10-15,General Medicine,33,22,17,120,101,19,0.842,52.1,3.3,19
2025-10-15,Surgery,24,18,14,80,67,13,0.838,77.1,5.0,13
2025-10-15,Cardiology,14,4,7,60,48,12,0.8,55.7,3.7,9
2025-10-15,Orthopedics,17,8,9,70,61,9,0.871,46.7,4.6,11
2025-10-15,Pediatrics,26,8,9,50,45,5,0.9,63.7,3.6,7
2025-10-16,Emergency,52,14,8,25,17,8,0.68,58.6,1.8,16
2025-10-16,General Medicine,40,24,20,120,94,26,0.783,54.0,4.3,21
2025-10-16,Surgery,24,16,15,80,60,20,0.75,67.8,6.1,12
2025-10-16,Cardiology,14,12,8,60,47,13,0.783,67.1,5.8,9
2025-10-16,Orthopedics,17,11,8,70,56,14,0.8,53.8,4.3,16
2025-10-16,Pediatrics,28,12,8,50,46,4,0.92,65.8,3.2,7
2025-10-17,Emergency,74,15,12,25,19,6,0.76,66.3,1.0,13
2025-10-17,General Medicine,37,25,24,120,105,15,0.875,63.8,5.2,18
2025-10-17,Surgery,21,13,10,80,72,8,0.9,42.5,6.0,15
2025-10-17,Cardiology,14,10,8,60,50,10,0.833,42.8,5.0,10
2025-10-17,Orthopedics,23,15,11,70,54,16,0.771,71.8,4.0,10
2025-10-17,Pediatrics,24,10,6,50,41,9,0.82,59.5,2.6,9
2025-10-18,Emergency,61,11,14,25,19,6,0.76,59.5,1.8,9
2025-10-18,General Medicine,24,18,12,120,99,21,0.825,54.5,4.3,18
2025-10-18,Surgery,16,13,10,80,65,15,0.812,74.8,6.1,10
2025-10-18,Cardiology,11,7,6,60,48,12,0.8,56.8,5.0,7
2025-10-18,Orthopedics,17,9,8,70,60,10,0.857,55.9,4.4,11
2025-10-18,Pediatrics,24,11,8,50,41,9,0.82,57.2,2.5,9
2025-10-19,Emergency,78,18,16,25,21,4,0.84,55.0,1.5,11
2025-10-19,General Medicine,29,13,14,120,96,24,0.8,60.9,5.0,16
2025-10-19,Surgery,18,12,12,80,69,11,0.863,54.2,5.2,11
2025-10-19,Cardiology,12,8,7,60,47,13,0.783,48.7,5.6,4
2025-10-19,Orthopedics,17,10,5,70,60,10,0.857,49.9,3.9,11
2025-10-19,Pediatrics,23,7,6,50,40,10,0.8,61.7,2.1,7
2025-10-20,Emergency,61,13,12,25,20,5,0.8,56.3,1.0,12
2025-10-20,General Medicine,34,22,21,120,103,17,0.858,49.6,3.9,16
2025-10-20,Surgery,20,13,10,80,77,3,0.963,66.4,3.6,15
2025-10-20,Cardiology,16,11,7,60,53,7,0.883,68.5,4.8,11
2025-10-20,Orthopedics,26,12,15,70,56,14,0.8,65.8,4.8,10
2025-10-20,Pediatrics,28,13,7,50,42,8,0.84,55.6,2.8,10
2025-10-21,Emergency,67,18,10,25,17,8,0.68,78.8,1.0,17
2025-10-21,General Medicine,40,28,20,120,97,23,0.808,70.8,4.5,16
2025-10-21,Surgery,24,17,13,80,70,10,0.875,60.0,6.0,16
2025-10-21,Cardiology,16,11,10,60,45,15,0.75,70.4,5.1,7
2025-10-21,Orthopedics,19,17,9,70,54,16,0.771,72.4,3.8,13
2025-10-21,Pediatrics,17,7,4,50,42,8,0.84,56.3,2.7,10
2025-10-22,Emergency,81,25,17,25,20,5,0.8,71.3,1.1,13
2025-10-22,General Medicine,33,19,20,120,99,21,0.825,62.6,3.7,21
2025-10-22,Surgery,22,17,13,80,75,5,0.938,53.1,5.3,12
2025-10-22,Cardiology,14,13,8,60,53,7,0.883,57.9,5.1,12
2025-10-22,Orthopedics,21,15,11,70,58,12,0.829,66.9,5.4,12
2025-10-22,Pediatrics,23,12,6,50,46,4,0.92,67.2,3.6,9
2025-10-23,Emergency,61,19,12,25,18,7,0.72,55.6,1.0,14
2025-10-23,General Medicine,31,19,17,120,100,20,0.833,57.3,4.9,18
2025-10-23,Surgery,26,18,14,80,67,13,0.838,71.4,5.6,13
2025-10-23,Cardiology,16,11,9,60,52,8,0.867,53.4,4.7,14
2025-10-23,Orthopedics,20,9,10,70,61,9,0.871,67.5,4.3,10
2025-10-23,Pediatrics,21,6,7,50,43,7,0.86,59.4,3.0,8
2025-10-24,Emergency,75,27,12,25,17,8,0.68,56.8,1.0,14
2025-10-24,General Medicine,42,30,26,120,99,21,0.825,68.5,4.5,18
2025-10-24,Surgery,20,15,12,80,73,7,0.912,54.3,5.8,14
2025-10-24,Cardiology,18,11,9,60,49,11,0.817,56.3,3.5,9
2025-10-24,Orthopedics,22,14,10,70,60,10,0.857,66.3,5.4,13
2025-10-24,Pediatrics,27,15,6,50,46,4,0.92,69.6,2.4,8
2025-10-25,Emergency,60,17,12,25,18,7,0.72,79.3,1.0,7
2025-10-25,General Medicine,31,21,14,120,90,30,0.75,62.8,4.5,18
2025-10-25,Surgery,20,12,10,80,61,19,0.762,62.5,4.9,16
2025-10-25,Cardiology,16,10,8,60,51,9,0.85,69.2,5.2,11
2025-10-25,Orthopedics,16,9,8,70,59,11,0.843,56.7,4.6,11
2025-10-25,Pediatrics,24,7,5,50,44,6,0.88,68.2,3.3,10
2025-10-26,Emergency,70,20,10,25,20,5,0.8,52.9,1.0,9
2025-10-26,General Medicine,32,26,19,120,103,17,0.858,61.3,4.8,17
2025-10-26,Surgery,22,14,13,80,65,15,0.812,43.9,4.8,12
2025-10-26,Cardiology,15,9,8,60,47,13,0.783,61.1,4.7,8
2025-10-26,Orthopedics,22,18,10,70,60,10,0.857,74.5,4.4,10
2025-10-26,Pediatrics,23,8,9,50,41,9,0.82,56.1,3.1,8
2025-10-27,Emergency,75,21,10,25,17,8,0.68,79.1,1.0,11
2025-10-27,General Medicine,42,26,24,120,91,29,0.758,70.7,3.3,17
2025-10-27,Surgery,25,15,14,80,67,13,0.838,72.2,5.6,12
2025-10-27,Cardiology,15,12,7,60,44,16,0.733,63.0,4.7,7
2025-10-27,Orthopedics,20,8,11,70,55,15,0.786,59.7,3.5,15
2025-10-27,Pediatrics,28,11,9,50,40,10,0.8,69.9,2.9,6
2025-10-28,Emergency,65,15,11,25,18,7,0.72,60.4,1.0,11
2025-10-28,General Medicine,45,28,26,120,98,22,0.817,61.3,4.0,19
2025-10-28,Surgery,23,16,13,80,64,16,0.8,69.9,5.6,12
2025-10-28,Cardiology,18,12,11,60,56,4,0.933,68.5,4.3,7
2025-10-28,Orthopedics,19,10,10,70,50,20,0.714,48.6,4.4,11
2025-10-28,Pediatrics,24,7,9,50,43,7,0.86,64.3,2.1,4
2025-10-29,Emergency,65,19,12,25,19,6,0.76,75.3,1.3,11
2025-10-29,General Medicine,33,17,16,120,103,17,0.858,64.5,4.3,17
2025-10-29,Surgery,20,13,12,80,64,16,0.8,49.4,4.3,12
2025-10-29,Cardiology,16,12,8,60,54,6,0.9,67.3,4.5,10
2025-10-29,Orthopedics,18,9,9,70,53,17,0.757,66.3,3.9,12
2025-10-29,Pediatrics,27,8,8,50,42,8,0.84,69.6,3.0,8
2025-10-30,Emergency,72,20,10,25,19,6,0.76,60.6,1.5,12
2025-10-30,General Medicine,42,27,26,120,96,24,0.8,62.1,4.3,17
2025-10-30,Surgery,21,16,11,80,68,12,0.85,57.5,4.7,14
2025-10-30,Cardiology,15,9,9,60,47,13,0.783,60.4,5.9,9
2025-10-30,Orthopedics,16,7,7,70,58,12,0.829,40.7,3.4,9
2025-10-30,Pediatrics,23,8,8,50,45,5,0.9,55.7,2.9,10
2025-10-31,Emergency,80,24,15,25,20,5,0.8,62.0,1.0,13
2025-10-31,General Medicine,41,24,22,120,91,29,0.758,71.4,4.3,16
2025-10-31,Surgery,20,17,12,80,71,9,0.887,52.0,5.8,18
2025-10-31,Cardiology,15,12,7,60,52,8,0.867,60.0,4.9,11
2025-10-31,Orthopedics,20,12,9,70,65,5,0.929,53.6,3.3,10
2025-10-31,Pediatrics,21,11,4,50,41,9,0.82,71.3,3.1,7
2025-11-01,Emergency,58,15,10,25,20,5,0.8,52.0,1.1,8
2025-11-01,General Medicine,25,19,11,120,104,16,0.867,54.6,4.3,18
2025-11-01,Surgery,24,18,15,80,74,6,0.925,72.1,5.4,14
2025-11-01,Cardiology,13,10,7,60,53,7,0.883,45.2,4.7,9
2025-11-01,Orthopedics,16,9,9,70,59,11,0.843,57.0,4.7,11
2025-11-01,Pediatrics,24,11,7,50,43,7,0.86,63.1,2.1,6
2025-11-02,Emergency,62,19,10,25,19,6,0.76,64.9,1.0,11
2025-11-02,General Medicine,30,16,17,120,94,26,0.783,51.5,4.4,20
2025-11-02,Surgery,20,17,11,80,69,11,0.863,62.8,5.5,10
2025-11-02,Cardiology,12,11,5,60,54,6,0.9,75.2,5.3,9
2025-11-02,Orthopedics,18,11,8,70,61,9,0.871,55.6,4.6,8
2025-11-02,Pediatrics,23,12,4,50,41,9,0.82,57.0,3.0,11
2025-11-03,Emergency,62,19,7,25,19,6,0.76,57.4,1.0,10
2025-11-03,General Medicine,35,26,18,120,97,23,0.808,55.6,4.4,18
2025-11-03,Surgery,22,17,14,80,74,6,0.925,65.0,5.4,14
2025-11-03,Cardiology,15,8,8,60,50,10,0.833,61.6,4.1,7
2025-11-03,Orthopedics,19,8,9,70,57,13,0.814,59.4,4.1,10
2025-11-03,Pediatrics,23,11,6,50,36,14,0.72,57.6,2.2,9
2025-11-04,Emergency,71,17,8,25,19,6,0.76,80.1,1.0,10
2025-11-04,General Medicine,34,20,17,120,99,21,0.825,74.1,4.1,18
2025-11-04,Surgery,26,18,15,80,72,8,0.9,56.1,5.6,9
2025-11-04,Cardiology,11,7,6,60,50,10,0.833,63.3,5.3,10
2025-11-04,Orthopedics,23,15,11,70,61,9,0.871,58.1,4.4,15
2025-11-04,Pediatrics,29,10,7,50,36,14,0.72,78.2,2.8,9
2025-11-05,Emergency,82,26,18,25,20,5,0.8,54.7,1.0,10
2025-11-05,General Medicine,36,25,19,120,103,17,0.858,50.7,5.7,17
2025-11-05,Surgery,22,14,12,80,76,4,0.95,63.0,4.7,15
2025-11-05,Cardiology,16,12,10,60,50,10,0.833,71.2,5.0,13
2025-11-05,Orthopedics,23,12,11,70,54,16,0.771,63.9,4.0,12
2025-11-05,Pediatrics,27,7,8,50,44,6,0.88,67.3,2.9,12
2025-11-06,Emergency,80,26,18,25,19,6,0.76,76.3,1.0,11
2025-11-06,General Medicine,37,23,20,120,104,16,0.867,49.6,4.4,18
2025-11-06,Surgery,22,14,13,80,67,13,0.838,56.6,4.7,12
2025-11-06,Cardiology,17,9,11,60,51,9,0.85,65.1,5.2,6
2025-11-06,Orthopedics,18,7,10,70,57,13,0.814,64.6,3.8,6
2025-11-06,Pediatrics,26,5,9,50,38,12,0.76,63.8,2.4,11
2025-11-07,Emergency,80,16,15,25,19,6,0.76,57.4,1.0,9
2025-11-07,General Medicine,32,23,15,120,105,15,0.875,67.7,4.1,15
2025-11-07,Surgery,32,20,20,80,71,9,0.887,68.8,6.2,13
2025-11-07,Cardiology,11,7,5,60,45,15,0.75,55.5,4.2,9
2025-11-07,Orthopedics,21,12,11,70,66,4,0.943,78.0,4.6,7
2025-11-07,Pediatrics,20,4,5,50,37,13,0.74,54.2,4.2,10
2025-11-08,Emergency,50,13,13,25,20,5,0.8,68.4,1.0,12
2025-11-08,General Medicine,32,20,17,120,90,30,0.75,77.8,3.8,18
2025-11-08,Surgery,16,13,9,80,63,17,0.787,66.8,5.4,15
2025-11-08,Cardiology,16,14,11,60,52,8,0.867,67.7,4.8,10
2025-11-08,Orthopedics,17,9,8,70,61,9,0.871,66.1,3.8,12
2025-11-08,Pediatrics,26,8,6,50,32,18,0.64,62.9,3.5,6
2025-11-09,Emergency,65,26,10,25,21,4,0.84,64.8,1.0,9
2025-11-09,General Medicine,32,16,17,120,92,28,0.767,68.0,4.8,21
2025-11-09,Surgery,24,17,13,80,60,20,0.75,70.9,5.3,11
2025-11-09,Cardiology,11,7,5,60,49,11,0.817,58.0,4.2,6
2025-11-09,Orthopedics,17,13,8,70,57,13,0.814,74.1,3.5,11
2025-11-09,Pediatrics,28,9,9,50,44,6,0.88,59.2,2.9,10
2025-11-10,Emergency,64,15,14,25,18,7,0.72,63.1,1.0,13
2025-11-10,General Medicine,41,27,23,120,105,15,0.875,55.9,3.9,16
2025-11-10,Surgery,24,19,14,80,63,17,0.787,58.2,5.2,15
2025-11-10,Cardiology,14,9,9,60,44,16,0.733,51.6,5.5,13
2025-11-10,Orthopedics,18,11,8,70,66,4,0.943,51.8,3.8,9
2025-11-10,Pediatrics,17,7,5,50,42,8,0.84,45.5,2.7,9
2025-11-11,Emergency,72,17,14,25,22,3,0.88,70.1,1.0,13
2025-11-11,General Medicine,38,26,21,120,85,35,0.708,69.6,5.0,19
2025-11-11,Surgery,23,17,11,80,68,12,0.85,60.9,5.2,15
2025-11-11,Cardiology,13,7,8,60,45,15,0.75,53.3,4.6,11
2025-11-11,Orthopedics,20,10,10,70,56,14,0.8,50.5,4.3,9
2025-11-11,Pediatrics,24,8,8,50,40,10,0.8,52.4,3.2,9
2025-11-12,Emergency,70,20,11,25,21,4,0.84,64.0,1.0,14
2025-11-12,General Medicine,43,31,20,120,98,22,0.817,44.8,4.8,17
2025-11-12,Surgery,26,19,16,80,73,7,0.912,64.8,5.0,14
2025-11-12,Cardiology,16,8,7,60,53,7,0.883,52.2,5.4,11
2025-11-12,Orthopedics,15,5,9,70,63,7,0.9,64.4,5.0,8
2025-11-12,Pediatrics,23,9,5,50,46,4,0.92,63.3,3.2,5
2025-11-13,Emergency,87,22,12,25,21,4,0.84,73.2,1.0,9
2025-11-13,General Medicine,44,27,26,120,94,26,0.783,78.7,3.6,16
2025-11-13,Surgery,24,20,13,80,74,6,0.925,61.8,4.7,15
2025-11-13,Cardiology,16,9,9,60,52,8,0.867,55.7,4.0,9
2025-11-13,Orthopedics,18,11,10,70,51,19,0.729,65.6,4.9,10
2025-11-13,Pediatrics,23,8,4,50,44,6,0.88,57.1,2.8,7
2025-11-14,Emergency,82,31,11,25,20,5,0.8,66.9,1.0,9
2025-11-14,General Medicine,35,23,18,120,95,25,0.792,58.9,4.9,17
2025-11-14,Surgery,26,18,14,80,60,20,0.75,62.4,5.9,10
2025-11-14,Cardiology,14,12,7,60,51,9,0.85,68.7,4.7,14
2025-11-14,Orthopedics,20,11,11,70,59,11,0.843,66.2,4.5,11
2025-11-14,Pediatrics,32,12,12,50,46,4,0.92,62.8,3.2,11
2025-11-15,Emergency,55,15,9,25,21,4,0.84,71.2,1.7,8
2025-11-15,General Medicine,41,26,21,120,102,18,0.85,81.9,4.0,17
2025-11-15,Surgery,19,16,10,80,74,6,0.925,49.0,6.0,14
2025-11-15,Cardiology,16,11,10,60,58,2,0.967,67.0,4.2,8
2025-11-15,Orthopedics,19,13,10,70,67,3,0.957,62.7,5.4,12
2025-11-15,Pediatrics,22,10,7,50,39,11,0.78,54.7,2.7,8
2025-11-16,Emergency,71,21,12,25,23,2,0.92,57.5,1.7,14
2025-11-16,General Medicine,33,20,20,120,101,19,0.842,61.0,4.7,15
2025-11-16,Surgery,21,16,11,80,60,20,0.75,63.0,5.3,12
2025-11-16,Cardiology,13,10,7,60,55,5,0.917,62.1,5.3,9
2025-11-16,Orthopedics,24,13,11,70,60,10,0.857,79.9,3.8,10
2025-11-16,Pediatrics,22,5,9,50,41,9,0.82,40.9,3.4,8
2025-11-17,Emergency,58,20,14,25,18,7,0.72,28.3,1.0,11
2025-11-17,General Medicine,38,20,20,120,100,20,0.833,71.8,4.4,18
2025-11-17,Surgery,21,13,13,80,61,19,0.762,67.0,5.4,11
2025-11-17,Cardiology,17,12,10,60,44,16,0.733,70.2,4.0,13
2025-11-17,Orthopedics,16,12,9,70,62,8,0.886,58.2,3.8,11
2025-11-17,Pediatrics,25,7,8,50,42,8,0.84,49.2,2.4,15
2025-11-18,Emergency,61,20,15,25,21,4,0.84,56.6,1.6,14
2025-11-18,General Medicine,48,36,25,120,104,16,0.867,58.9,4.3,18
2025-11-18,Surgery,22,15,15,80,67,13,0.838,46.1,5.1,14
2025-11-18,Cardiology,15,11,7,60,47,13,0.783,49.8,5.6,11
2025-11-18,Orthopedics,22,16,12,70,68,2,0.971,73.3,4.8,11
2025-11-18,Pediatrics,26,9,8,50,41,9,0.82,73.6,3.3,9
2025-11-19,Emergency,71,24,8,25,20,5,0.8,61.9,1.1,10
2025-11-19,General Medicine,33,22,18,120,109,11,0.908,72.2,5.0,17
2025-11-19,Surgery,26,22,20,80,75,5,0.938,66.8,5.3,11
2025-11-19,Cardiology,18,12,9,60,55,5,0.917,71.9,3.5,11
2025-11-19,Orthopedics,22,13,11,70,54,16,0.771,52.5,3.7,10
2025-11-19,Pediatrics,13,5,2,50,44,6,0.88,41.7,2.5,9
2025-11-20,Emergency,62,14,11,25,20,5,0.8,68.9,1.3,13
2025-11-20,General Medicine,40,20,22,120,104,16,0.867,63.4,4.3,18
2025-11-20,Surgery,26,16,17,80,73,7,0.912,51.3,5.2,12
2025-11-20,Cardiology,15,10,9,60,49,11,0.817,59.7,4.3,10
2025-11-20,Orthopedics,19,13,9,70,68,2,0.971,71.9,4.2,10
2025-11-20,Pediatrics,27,7,9,50,45,5,0.9,71.6,3.1,10
2025-11-21,Emergency,82,26,20,25,18,7,0.72,76.4,1.3,11
2025-11-21,General Medicine,39,18,21,120,95,25,0.792,70.2,3.4,16
2025-11-21,Surgery,22,17,11,80,74,6,0.925,66.5,4.6,12
2025-11-21,Cardiology,19,10,12,60,58,2,0.967,69.3,4.7,8
2025-11-21,Orthopedics,18,10,8,70,60,10,0.857,67.4,4.8,15
2025-11-21,Pediatrics,27,10,8,50,38,12,0.76,58.2,3.1,13
2025-11-22,Emergency,70,14,18,25,20,5,0.8,62.2,1.0,13
2025-11-22,General Medicine,34,23,16,120,97,23,0.808,59.8,4.6,18
2025-11-22,Surgery,21,15,11,80,69,11,0.863,60.9,5.5,16
2025-11-22,Cardiology,16,10,8,60,53,7,0.883,61.7,4.5,8
2025-11-22,Orthopedics,15,10,8,70,52,18,0.743,56.3,4.5,10
2025-11-22,Pediatrics,28,5,8,50,38,12,0.76,47.0,2.7,8
2025-11-23,Emergency,61,23,10,25,20,5,0.8,55.9,1.0,11
2025-11-23,General Medicine,36,20,19,120,110,10,0.917,66.6,5.0,20
2025-11-23,Surgery,22,16,14,80,71,9,0.887,55.8,4.1,13
2025-11-23,Cardiology,16,8,10,60,51,9,0.85,54.6,5.0,9
2025-11-23,Orthopedics,19,9,9,70,59,11,0.843,61.2,3.9,12
2025-11-23,Pediatrics,25,13,7,50,41,9,0.82,56.7,2.3,9
2025-11-24,Emergency,57,16,8,25,22,3,0.88,68.2,1.0,11
2025-11-24,General Medicine,42,28,23,120,86,34,0.717,56.5,4.6,18
2025-11-24,Surgery,20,16,12,80,70,10,0.875,56.7,4.7,15
2025-11-24,Cardiology,16,14,7,60,49,11,0.817,71.1,5.0,10
2025-11-24,Orthopedics,17,9,10,70,50,20,0.714,55.1,4.2,13
2025-11-24,Pediatrics,27,10,11,50,42,8,0.84,57.0,2.9,7
2025-11-25,Emergency,77,22,15,25,20,5,0.8,56.9,1.0,10
2025-11-25,General Medicine,39,21,19,120,97,23,0.808,65.2,4.9,15
2025-11-25,Surgery,24,17,15,80,66,14,0.825,72.0,6.5,15
2025-11-25,Cardiology,18,14,8,60,50,10,0.833,57.0,5.0,10
2025-11-25,Orthopedics,25,17,12,70,59,11,0.843,74.7,4.6,12
2025-11-25,Pediatrics,27,14,5,50,42,8,0.84,59.5,2.3,10
2025-11-26,Emergency,68,23,13,25,20,5,0.8,71.2,1.0,11
2025-11-26,General Medicine,43,24,25,120,105,15,0.875,69.8,4.9,20
2025-11-26,Surgery,26,18,15,80,64,16,0.8,64.3,5.4,10
2025-11-26,Cardiology,15,10,7,60,52,8,0.867,57.7,6.4,8
2025-11-26,Orthopedics,19,11,9,70,61,9,0.871,67.6,4.5,8
2025-11-26,Pediatrics,26,10,8,50,42,8,0.84,70.5,3.8,11
2025-11-27,Emergency,74,23,18,25,19,6,0.76,54.3,1.0,9
2025-11-27,General Medicine,40,25,21,120,96,24,0.8,72.9,4.7,20
2025-11-27,Surgery,20,14,13,80,73,7,0.912,75.2,5.2,14
2025-11-27,Cardiology,15,12,7,60,45,15,0.75,56.0,5.2,11
2025-11-27,Orthopedics,20,11,10,70,54,16,0.771,57.5,3.9,8
2025-11-27,Pediatrics,24,10,6,50,39,11,0.78,45.4,2.6,6
2025-11-28,Emergency,71,15,10,25,20,5,0.8,75.2,1.0,15
2025-11-28,General Medicine,35,23,18,120,80,40,0.667,72.5,4.9,19
2025-11-28,Surgery,21,15,13,80,69,11,0.863,57.8,4.6,13
2025-11-28,Cardiology,17,12,10,60,51,9,0.85,60.0,4.9,11
2025-11-28,Orthopedics,24,13,12,70,59,11,0.843,60.1,5.1,12
2025-11-28,Pediatrics,28,11,9,50,39,11,0.78,54.2,2.8,7
2025-11-29,Emergency,55,15,9,25,21,4,0.84,63.9,1.0,15
2025-11-29,General Medicine,39,23,17,120,104,16,0.867,69.5,4.1,20
2025-11-29,Surgery,19,11,12,80,64,16,0.8,53.3,4.1,15
2025-11-29,Cardiology,14,8,5,60,42,18,0.7,63.6,4.5,7
2025-11-29,Orthopedics,22,15,11,70,57,13,0.814,54.6,3.4,7
2025-11-29,Pediatrics,22,8,7,50,36,14,0.72,65.6,3.0,12
2025-11-30,Emergency,74,18,13,25,20,5,0.8,72.7,1.4,12
2025-11-30,General Medicine,37,22,22,120,111,9,0.925,45.1,4.8,16
2025-11-30,Surgery,25,16,16,80,78,2,0.975,81.6,5.2,17
2025-11-30,Cardiology,16,11,9,60,49,11,0.817,63.5,5.6,10
2025-11-30,Orthopedics,14,6,7,70,61,9,0.871,50.4,3.5,11
2025-11-30,Pediatrics,21,3,5,50,42,8,0.84,68.7,2.4,10
2025-12-01,Emergency,88,24,14,25,21,4,0.84,79.9,1.0,11
2025-12-01,General Medicine,44,32,27,120,97,23,0.808,54.0,3.9,16
2025-12-01,Surgery,25,18,16,80,68,12,0.85,64.9,5.5,12
2025-12-01,Cardiology,15,11,8,60,54,6,0.9,57.0,4.6,5
2025-12-01,Orthopedics,23,14,12,70,49,21,0.7,66.0,4.6,13
2025-12-01,Pediatrics,31,9,9,50,42,8,0.84,70.3,3.0,9
2025-12-02,Emergency,73,19,14,25,18,7,0.72,67.8,1.3,13
2025-12-02,General Medicine,34,22,20,120,100,20,0.833,53.3,4.1,15
2025-12-02,Surgery,22,19,12,80,69,11,0.863,69.2,5.7,9
2025-12-02,Cardiology,18,14,10,60,50,10,0.833,64.6,4.5,10
2025-12-02,Orthopedics,20,12,9,70,53,17,0.757,79.6,4.2,12
2025-12-02,Pediatrics,28,7,8,50,39,11,0.78,63.0,2.8,6
2025-12-03,Emergency,64,26,7,25,20,5,0.8,52.4,1.0,10
2025-12-03,General Medicine,43,29,23,120,100,20,0.833,60.4,4.3,16
2025-12-03,Surgery,22,16,13,80,61,19,0.762,77.5,6.0,12
2025-12-03,Cardiology,16,11,7,60,53,7,0.883,60.4,4.3,10
2025-12-03,Orthopedics,23,11,12,70,56,14,0.8,51.1,4.9,11
2025-12-03,Pediatrics,17,6,7,50,43,7,0.86,56.9,2.3,7
2025-12-04,Emergency,85,24,21,25,18,7,0.72,71.9,1.0,11
2025-12-04,General Medicine,49,27,28,120,102,18,0.85,81.7,4.5,19
2025-12-04,Surgery,29,22,19,80,66,14,0.825,71.5,6.2,14
2025-12-04,Cardiology,21,15,12,60,54,6,0.9,67.8,4.7,10
2025-12-04,Orthopedics,24,13,12,70,58,12,0.829,68.3,4.7,12
2025-12-04,Pediatrics,30,11,8,50,38,12,0.76,64.8,3.7,7
2025-12-05,Emergency,70,18,14,25,20,5,0.8,56.9,1.0,12
2025-12-05,General Medicine,44,33,28,120,107,13,0.892,78.1,4.9,18
2025-12-05,Surgery,25,15,15,80,67,13,0.838,66.3,5.1,12
2025-12-05,Cardiology,17,12,11,60,52,8,0.867,59.8,4.1,8
2025-12-05,Orthopedics,22,13,13,70,53,17,0.757,71.6,3.8,12
2025-12-05,Pediatrics,28,11,7,50,40,10,0.8,64.4,3.1,10
2025-12-06,Emergency,73,16,9,25,19,6,0.76,64.5,1.0,11
2025-12-06,General Medicine,25,17,12,120,100,20,0.833,53.5,4.1,20
2025-12-06,Surgery,19,14,12,80,71,9,0.887,60.9,5.5,14
2025-12-06,Cardiology,15,10,8,60,53,7,0.883,77.8,5.3,10
2025-12-06,Orthopedics,18,10,11,70,55,15,0.786,78.3,4.0,10
2025-12-06,Pediatrics,24,11,5,50,41,9,0.82,47.8,2.3,8
2025-12-07,Emergency,66,17,11,25,20,5,0.8,50.4,1.0,12
2025-12-07,General Medicine,34,18,18,120,78,42,0.65,57.0,4.0,18
2025-12-07,Surgery,30,22,19,80,66,14,0.825,69.4,5.8,16
2025-12-07,Cardiology,15,10,7,60,48,12,0.8,63.7,3.9,11
2025-12-07,Orthopedics,22,11,11,70,59,11,0.843,57.3,4.5,12
2025-12-07,Pediatrics,22,6,7,50,39,11,0.78,66.6,2.9,7
2025-12-08,Emergency,74,22,13,25,20,5,0.8,67.9,1.0,10
2025-12-08,General Medicine,38,19,23,120,102,18,0.85,57.9,4.6,20
2025-12-08,Surgery,21,16,11,80,62,18,0.775,55.6,5.7,14
2025-12-08,Cardiology,15,8,8,60,50,10,0.833,62.5,4.7,9
2025-12-08,Orthopedics,26,14,14,70,53,17,0.757,71.6,5.5,10
2025-12-08,Pediatrics,32,11,8,50,36,14,0.72,59.4,2.6,8
2025-12-09,Emergency,80,21,17,25,19,6,0.76,63.3,1.6,10
2025-12-09,General Medicine,43,29,19,120,99,21,0.825,59.3,4.9,20
2025-12-09,Surgery,27,20,16,80,62,18,0.775,69.3,4.9,16
2025-12-09,Cardiology,18,10,11,60,47,13,0.783,60.3,5.6,8
2025-12-09,Orthopedics,21,12,10,70,56,14,0.8,61.4,3.4,12
2025-12-09,Pediatrics,28,10,7,50,45,5,0.9,59.2,4.1,6
2025-12-10,Emergency,81,31,13,25,18,7,0.72,65.0,1.0,13
2025-12-10,General Medicine,43,31,22,120,101,19,0.842,63.8,3.9,18
2025-12-10,Surgery,30,19,17,80,70,10,0.875,64.6,5.6,11
2025-12-10,Cardiology,15,9,8,60,48,12,0.8,57.6,5.6,7
2025-12-10,Orthopedics,19,15,9,70,49,21,0.7,54.2,5.0,10
2025-12-10,Pediatrics,29,4,9,50,39,11,0.78,67.6,1.5,8
2025-12-11,Emergency,81,25,14,25,18,7,0.72,66.0,1.0,12
2025-12-11,General Medicine,36,23,22,120,95,25,0.792,58.4,4.4,17
2025-12-11,Surgery,16,14,9,80,74,6,0.925,50.4,4.3,14
2025-12-11,Cardiology,17,12,8,60,54,6,0.9,59.0,6.1,9
2025-12-11,Orthopedics,21,13,9,70,65,5,0.929,65.2,3.8,13
2025-12-11,Pediatrics,28,11,8,50,42,8,0.84,58.1,1.4,9
2025-12-12,Emergency,71,25,12,25,20,5,0.8,60.7,1.0,13
2025-12-12,General Medicine,49,32,22,120,106,14,0.883,69.8,4.4,17
2025-12-12,Surgery,27,21,15,80,69,11,0.863,72.0,4.5,16
2025-12-12,Cardiology,16,14,9,60,55,5,0.917,60.3,4.9,13
2025-12-12,Orthopedics,18,8,9,70,60,10,0.857,70.5,4.5,10
2025-12-12,Pediatrics,28,9,9,50,44,6,0.88,80.2,1.8,7
2025-12-13,Emergency,77,21,8,25,21,4,0.84,59.2,1.0,12
2025-12-13,General Medicine,40,24,21,120,103,17,0.858,62.6,3.3,16
2025-12-13,Surgery,25,16,15,80,60,20,0.75,49.5,4.9,14
2025-12-13,Cardiology,16,12,10,60,46,14,0.767,64.1,5.6,9
2025-12-13,Orthopedics,16,8,8,70,60,10,0.857,53.3,2.5,8
2025-12-13,Pediatrics,25,5,8,50,42,8,0.84,59.7,2.8,8
2025-12-14,Emergency,71,23,19,25,21,4,0.84,72.7,1.1,14
2025-12-14,General Medicine,33,20,14,120,98,22,0.817,65.6,4.8,17
2025-12-14,Surgery,18,12,11,80,63,17,0.787,64.8,5.2,16
2025-12-14,Cardiology,15,13,9,60,45,15,0.75,60.2,5.2,10
2025-12-14,Orthopedics,22,10,11,70,58,12,0.829,79.9,5.1,12
2025-12-14,Pediatrics,26,13,7,50,47,3,0.94,61.0,3.3,11
2025-12-15,Emergency,81,22,16,25,21,4,0.84,70.2,1.1,12
2025-12-15,General Medicine,37,23,21,120,99,21,0.825,70.2,3.7,13
2025-12-15,Surgery,28,22,17,80,74,6,0.925,78.1,5.4,16
2025-12-15,Cardiology,16,10,9,60,49,11,0.817,46.7,5.2,10
2025-12-15,Orthopedics,20,12,11,70,56,14,0.8,52.6,3.6,11
2025-12-15,Pediatrics,29,10,5,50,41,9,0.82,59.7,3.7,6
2025-12-16,Emergency,70,19,11,25,20,5,0.8,53.8,1.0,12
2025-12-16,General Medicine,40,22,20,120,106,14,0.883,68.7,4.8,20
2025-12-16,Surgery,21,14,12,80,67,13,0.838,63.2,5.2,17
2025-12-16,Cardiology,13,9,6,60,55,5,0.917,53.7,5.0,9
2025-12-16,Orthopedics,18,9,8,70,56,14,0.8,60.4,5.1,9
2025-12-16,Pediatrics,30,12,6,50,42,8,0.84,68.7,2.1,8
2025-12-17,Emergency,67,21,7,25,21,4,0.84,71.7,1.3,13
2025-12-17,General Medicine,44,29,26,120,101,19,0.842,68.4,4.1,16
2025-12-17,Surgery,25,20,15,80,67,13,0.838,68.4,6.1,11
2025-12-17,Cardiology,19,15,10,60,49,11,0.817,63.4,5.7,7
2025-12-17,Orthopedics,19,10,9,70,64,6,0.914,65.0,4.7,13
2025-12-17,Pediatrics,30,11,8,50,40,10,0.8,64.3,3.8,10
2025-12-18,Emergency,86,22,18,25,22,3,0.88,73.4,1.4,8
2025-12-18,General Medicine,36,22,22,120,102,18,0.85,64.1,4.5,15
2025-12-18,Surgery,26,17,16,80,64,16,0.8,61.1,6.1,15
2025-12-18,Cardiology,16,10,8,60,47,13,0.783,58.7,4.5,8
2025-12-18,Orthopedics,17,13,9,70,58,12,0.829,56.1,3.8,11
2025-12-18,Pediatrics,24,7,7,50,39,11,0.78,78.2,2.5,7
2025-12-19,Emergency,66,18,16,25,19,6,0.76,60.7,1.0,13
2025-12-19,General Medicine,44,29,26,120,103,17,0.858,60.3,4.3,15
2025-12-19,Surgery,28,19,17,80,63,17,0.787,70.9,5.0,13
2025-12-19,Cardiology,16,11,9,60,51,9,0.85,71.8,4.7,10
2025-12-19,Orthopedics,21,12,11,70,63,7,0.9,62.9,3.9,11
2025-12-19,Pediatrics,29,8,10,50,40,10,0.8,64.7,3.9,7
2025-12-20,Emergency,80,22,16,25,18,7,0.72,55.2,1.0,14
2025-12-20,General Medicine,34,21,17,120,95,25,0.792,67.2,4.0,15
2025-12-20,Surgery,18,15,11,80,74,6,0.925,64.9,3.8,14
2025-12-20,Cardiology,12,5,5,60,46,14,0.767,63.5,5.3,5
2025-12-20,Orthopedics,17,8,11,70,58,12,0.829,73.1,4.5,12
2025-12-20,Pediatrics,22,10,5,50,41,9,0.82,56.0,2.8,6
2025-12-21,Emergency,60,15,11,25,18,7,0.72,51.1,1.1,14
2025-12-21,General Medicine,41,22,25,120,102,18,0.85,74.0,5.2,20
2025-12-21,Surgery,22,17,13,80,69,11,0.863,75.4,4.8,15
2025-12-21,Cardiology,14,9,8,60,45,15,0.75,50.4,5.0,12
2025-12-21,Orthopedics,19,14,10,70,57,13,0.814,70.1,4.1,15
2025-12-21,Pediatrics,24,11,7,50,38,12,0.76,63.3,3.8,10
2025-12-22,Emergency,69,20,9,25,18,7,0.72,51.8,1.3,13
2025-12-22,General Medicine,36,21,23,120,92,28,0.767,60.2,4.1,18
2025-12-22,Surgery,22,18,11,80,63,17,0.787,61.2,6.4,15
2025-12-22,Cardiology,16,10,8,60,50,10,0.833,36.1,4.9,9
2025-12-22,Orthopedics,19,11,10,70,59,11,0.843,72.8,4.0,9
2025-12-22,Pediatrics,27,12,5,50,35,15,0.7,49.9,2.9,10
2025-12-23,Emergency,59,17,13,25,17,8,0.68,71.8,1.0,15
2025-12-23,General Medicine,34,24,18,120,100,20,0.833,73.3,5.8,18
2025-12-23,Surgery,27,14,16,80,68,12,0.85,60.3,6.0,12
2025-12-23,Cardiology,21,13,10,60,57,3,0.95,86.2,4.7,8
2025-12-23,Orthopedics,16,6,10,70,63,7,0.9,52.9,3.4,9
2025-12-23,Pediatrics,25,8,7,50,42,8,0.84,62.4,3.2,8
2025-12-24,Emergency,68,19,11,25,19,6,0.76,64.0,1.0,9
2025-12-24,General Medicine,47,31,23,120,108,12,0.9,60.0,6.0,17
2025-12-24,Surgery,28,20,15,80,73,7,0.912,65.8,5.2,16
2025-12-24,Cardiology,12,4,6,60,49,11,0.817,50.9,5.1,10
2025-12-24,Orthopedics,23,15,13,70,55,15,0.786,63.2,4.4,12
2025-12-24,Pediatrics,30,10,10,50,39,11,0.78,59.2,3.1,7
2025-12-25,Emergency,78,24,12,25,18,7,0.72,64.8,1.0,9
2025-12-25,General Medicine,38,22,21,120,95,25,0.792,67.7,5.1,20
2025-12-25,Surgery,22,18,13,80,65,15,0.812,52.3,5.6,15
2025-12-25,Cardiology,15,10,7,60,51,9,0.85,55.5,5.5,7
2025-12-25,Orthopedics,20,8,10,70,60,10,0.857,63.7,4.5,8
2025-12-25,Pediatrics,32,12,8,50,43,7,0.86,67.8,2.0,7
2025-12-26,Emergency,88,24,23,25,21,4,0.84,68.3,1.0,12
2025-12-26,General Medicine,43,30,24,120,108,12,0.9,73.4,4.8,14
2025-12-26,Surgery,23,15,16,80,68,12,0.85,65.4,5.2,16
2025-12-26,Cardiology,20,14,11,60,51,9,0.85,54.1,5.1,8
2025-12-26,Orthopedics,18,6,8,70,59,11,0.843,66.6,4.8,11
2025-12-26,Pediatrics,29,15,10,50,43,7,0.86,46.4,2.9,6
2025-12-27,Emergency,76,18,14,25,20,5,0.8,65.3,1.0,12
2025-12-27,General Medicine,35,21,20,120,95,25,0.792,63.5,4.1,18
2025-12-27,Surgery,16,11,9,80,72,8,0.9,67.0,3.4,16
2025-12-27,Cardiology,18,13,10,60,54,6,0.9,58.1,5.4,9
2025-12-27,Orthopedics,22,16,10,70,53,17,0.757,55.8,5.0,10
2025-12-27,Pediatrics,25,4,9,50,40,10,0.8,61.7,2.8,5
2025-12-28,Emergency,72,20,15,25,20,5,0.8,72.0,1.1,11
2025-12-28,General Medicine,37,25,15,120,105,15,0.875,57.3,4.5,16
2025-12-28,Surgery,20,13,11,80,64,16,0.8,55.5,5.6,10
2025-12-28,Cardiology,15,11,7,60,52,8,0.867,64.3,3.9,12
2025-12-28,Orthopedics,21,11,11,70,61,9,0.871,70.5,3.1,12
2025-12-28,Pediatrics,22,9,7,50,42,8,0.84,64.5,2.0,8
2025-12-29,Emergency,77,26,13,25,18,7,0.72,68.7,2.0,9
2025-12-29,General Medicine,45,23,26,120,101,19,0.842,58.8,4.9,18
2025-12-29,Surgery,28,21,16,80,60,20,0.75,63.5,5.5,16
2025-12-29,Cardiology,17,14,9,60,49,11,0.817,60.9,4.6,9
2025-12-29,Orthopedics,24,12,12,70,64,6,0.914,73.7,4.7,11
2025-12-29,Pediatrics,22,10,6,50,43,7,0.86,61.4,2.7,8
2025-12-30,Emergency,76,23,18,25,20,5,0.8,68.9,1.0,12
2025-12-30,General Medicine,31,18,15,120,95,25,0.792,45.4,4.8,14
2025-12-30,Surgery,22,17,13,80,66,14,0.825,62.2,6.0,11
2025-12-30,Cardiology,21,15,10,60,52,8,0.867,74.7,5.6,8
2025-12-30,Orthopedics,21,12,8,70,50,20,0.714,67.2,4.9,13
2025-12-30,Pediatrics,24,8,7,50,40,10,0.8,44.3,2.8,10
2025-12-31,Emergency,74,24,13,25,20,5,0.8,76.9,1.0,8
2025-12-31,General Medicine,48,31,28,120,109,11,0.908,63.7,4.6,17
2025-12-31,Surgery,22,15,13,80,74,6,0.925,56.3,4.9,13
2025-12-31,Cardiology,15,8,10,60,56,4,0.933,61.6,5.2,8
2025-12-31,Orthopedics,23,17,12,70,67,3,0.957,61.4,4.1,9
2025-12-31,Pediatrics,27,15,8,50,42,8,0.84,62.7,2.8,14
